category,source,output_or_reference,archive_type,status,sha256,note
TOP_LEVEL,/mnt/data/01_当前接手核心与最新证据_20260920.zip,01_当前接手核心与最新证据,ZIP,EXPANDED,aec69d43ee614b4cf7fb2e937c53088d8582ed7b50b813f6a08a1435f3ccc1ef,
TOP_LEVEL,/mnt/data/01_第二批去冗余_地图与原项目复现_20260920.zip,02_地图与原项目复现,ZIP,EXPANDED,74e385c64a97388f90543392845a5dbda0d480e74b7e20edabb4edd7af021267,
TOP_LEVEL,/mnt/data/02_历史交接文档_20260920.zip,03_历史交接文档,ZIP,EXPANDED,a4e4d868036c1e1881c332f9bb2f14a29dcfa4290c7b6a588cc98f76fa88fb4d,
TOP_LEVEL,/mnt/data/02_第二批去冗余_参考论文_20260920.zip,04_参考论文,ZIP,EXPANDED,acb97d59b99be4b2039d879ef1a9e221063407216a7fb8887ff3e441689f749a,
TOP_LEVEL,/mnt/data/03_第二批去冗余_接下来方向与效果对比_20260920.zip,05_接下来方向与效果对比,ZIP,EXPANDED,531dd8589f21793d509c8ef9bf7608032f39bb0df2698a7b3154d60442013311,
TOP_LEVEL,/mnt/data/03_专项证据与论文资料_20260920.zip,06_专项证据与论文资料,ZIP,EXPANDED,cdb4636a07f9dce1c13a910433770267b65616526a56224cf6a28b6a239a36a8,
TOP_LEVEL,/mnt/data/05_第二批去冗余_历史损坏大包分片A_20260920.zip,07_历史损坏大包分片A,ZIP,EXPANDED,d647d7a3063b1537485d43e5d94f06419a4d4ed4d27d08e2b80b1b361e186e54,
TOP_LEVEL,/mnt/data/06_第二批去冗余_历史损坏大包分片B_20260920.zip,08_历史损坏大包分片B,ZIP,EXPANDED,cfe3e09bb32543abc7bcede2c649544497722e00ef837663e1b255624604381e,
TOP_LEVEL,/mnt/data/AI接手文档.zip,09_AI接手文档集合,ZIP,EXPANDED,1254f2ca9b0d47bd7b71b0f36537f96609e2b2e9e0b2cfe949291af41dd8005f,
NESTED_DUPLICATE,06_专项证据与论文资料/01_当前接手核心与最新证据_20260920.zip,06_专项证据与论文资料/01_当前接手核心与最新证据_20260920.DUPLICATE_ARCHIVE_REFERENCE.md,ZIP,DEDUP_EXACT_SHA256,aec69d43ee614b4cf7fb2e937c53088d8582ed7b50b813f6a08a1435f3ccc1ef,reference=01_当前接手核心与最新证据
NESTED,/mnt/data/MineSim_Git整理版_20260927/09_AI接手文档集合/PAPER1_V0_OBSERVATIONAL_FREEZE_V1.zip,09_AI接手文档集合/PAPER1_V0_OBSERVATIONAL_FREEZE_V1__展开,ZIP,EXPANDED,714698023347899f2b3f52e13965d6507eac7c325ad681ee48167b266521460d,
NESTED,/mnt/data/MineSim_Git整理版_20260927/09_AI接手文档集合/MineSim_1536条采集记录恢复与当前状态_20260912.zip,09_AI接手文档集合/MineSim_1536条采集记录恢复与当前状态_20260912__展开,ZIP,EXPANDED,64a69eaff2354cf6cb23c86757531c6c81247a80d00f721a5a5a96ba8633589a,
NESTED,/mnt/data/MineSim_Git整理版_20260927/09_AI接手文档集合/MineSim_正式交接配套包_20260919_R1.zip,09_AI接手文档集合/MineSim_正式交接配套包_20260919_R1__展开,ZIP,EXPANDED,cd762012904fbaec287a34535f930dd9b838cdd1c7dba64db108981167e421e5,
NESTED,/mnt/data/MineSim_Git整理版_20260927/09_AI接手文档集合/AI接手文档2.zip,09_AI接手文档集合/AI接手文档2__展开,ZIP,EXPANDED,08ae0b5c269891ffc7b750354b60b28fe418148d8642111e4c69f67c44baaa0f,
NESTED,/mnt/data/MineSim_Git整理版_20260927/09_AI接手文档集合/CROSS_SCENE_DYNAMIC_CONCLUSION_V1.zip,09_AI接手文档集合/CROSS_SCENE_DYNAMIC_CONCLUSION_V1__展开,ZIP,EXPANDED,2dde3d66652097ab8319ac44693f2c035435f838799e24ff6147facc6565ca0b,
NESTED,/mnt/data/MineSim_Git整理版_20260927/09_AI接手文档集合/AI接手文档（截至9月12）.zip,09_AI接手文档集合/AI接手文档（截至9月12）__展开,ZIP,EXPANDED,53ccb83dba93b7fff0097fa223e8c6967972dd239ad164c72515f53b0dc002fc,
NESTED,/mnt/data/MineSim_Git整理版_20260927/09_AI接手文档集合/MineSim_云端项目整理最终文档包.zip,09_AI接手文档集合/MineSim_云端项目整理最终文档包__展开,ZIP,EXPANDED,b421fae9b0f36b948b5fda716f874f09256a670846a6e8fa41752b4620240251,
NESTED,/mnt/data/MineSim_Git整理版_20260927/09_AI接手文档集合/AI接手文档.zip,09_AI接手文档集合/AI接手文档__展开,ZIP,EXPANDED,0d84f9cadc2e1250b2f6434edb62c865a4abe3726d9888b75156ef8437a70a13,
NESTED,/mnt/data/MineSim_Git整理版_20260927/09_AI接手文档集合/AI接手文档3.zip,09_AI接手文档集合/AI接手文档3__展开,ZIP,EXPANDED,243f06894ebd3e754ec3794eec9b4f00ba79c6075b0817a462b603c4221c2308,
NESTED,/mnt/data/MineSim_Git整理版_20260927/09_AI接手文档集合/AI接手文档4.zip,09_AI接手文档集合/AI接手文档4__展开,ZIP,EXPANDED,c60924eaf0bda8ab5675594c8040a837edb94cef6a649388085fb5b0789d61d2,
NESTED,/mnt/data/MineSim_Git整理版_20260927/09_AI接手文档集合/PAPER_METHOD_COMPATIBILITY_DECISION_V1.zip,09_AI接手文档集合/PAPER_METHOD_COMPATIBILITY_DECISION_V1__展开,ZIP,EXPANDED,2c2f85767b60e139bd9d6b56a6b24d7b3a0afd95c5ca802b81ad882acb67cb41,
UNEXPANDED,04_参考论文/论文与参考/可参考论文(1)/可参考论文(1).7z,,7Z,KEPT_UNEXPANDED,79a0707d2dfdd42b04c8622b505b371885ec558af1183db3db67f1e6af5b6f5c,当前运行环境无7z解包器；原样保留
HISTORICAL_SPLIT,07_历史损坏大包分片A/超大原件分片/MineSim_Complete_Handoff_Package_2026-08-24 (1)(1).zip.part001,,SPLIT_PART,KEPT_AS_EVIDENCE,1fdc148fa848f086a6458e5a4cb0e371d92f70c8c08397922559605cc4ee5130,历史损坏大包分片；不自动重组/解析
UNEXPANDED,05_接下来方向与效果对比/工程历史与专项/接下来方向(1)/接下来方向(1).7z,,7Z,KEPT_UNEXPANDED,43b15ae6b089887f99efdd18ff04681793e5f693e0f0592ae76ef2dbdbd60c69,当前运行环境无7z解包器；原样保留
UNEXPANDED,05_接下来方向与效果对比/工程历史与专项/蒙特卡洛效果对比(1)/蒙特卡洛效果对比(1).7z,,7Z,KEPT_UNEXPANDED,4c719ebbc86304b26e3d598e57aaa557ec2b0d79dd3dcc488620acc4247aa3ee,当前运行环境无7z解包器；原样保留
HISTORICAL_SPLIT,08_历史损坏大包分片B/超大原件分片/MineSim_Complete_Handoff_Package_2026-08-24 (1)(1).zip.part002,,SPLIT_PART,KEPT_AS_EVIDENCE,1a5d370d45d05e56aa9360224b1c83c4db598442fd1676ec44ae61eb1ffb2395,历史损坏大包分片；不自动重组/解析
HISTORICAL_SPLIT,08_历史损坏大包分片B/超大原件分片/MineSim_Complete_Handoff_Package_2026-08-24 (1)(1).zip.part003,,SPLIT_PART,KEPT_AS_EVIDENCE,d536548adf83d29c7d5d461ab06f9ec8e9e6a389c3183be566b88a8aade3e6d9,历史损坏大包分片；不自动重组/解析
