source_docx,output_markdown,status,extracted_media_files,message
00_最新交接与研究流程/MineSim_Dynamic_本次对话正式交接文档_20260923.docx,00_最新交接与研究流程/MineSim_Dynamic_本次对话正式交接文档_20260923.md,PASS,0,
00_最新交接与研究流程/MineSim_G1_交接文档_20260926.docx,00_最新交接与研究流程/MineSim_G1_交接文档_20260926.md,PASS,0,
00_最新交接与研究流程/MineSim_G1_机制检测结果冻结报告_V1_20260923.docx,00_最新交接与研究流程/MineSim_G1_机制检测结果冻结报告_V1_20260923.md,PASS,0,
00_最新交接与研究流程/MineSim_神经网络辅助MCTS_严谨研究流程_V1.docx,00_最新交接与研究流程/MineSim_神经网络辅助MCTS_严谨研究流程_V1.md,PASS,0,
01_当前接手核心与最新证据/MineSim_正式交接配套包_20260919_R1/MineSim_Dynamic_正式交接_算法演进与最新效果_20260919_R1.docx,01_当前接手核心与最新证据/MineSim_正式交接配套包_20260919_R1/MineSim_Dynamic_正式交接_算法演进与最新效果_20260919_R1.md,PASS,0,
01_当前接手核心与最新证据/MineSim_正式交接配套包_20260919_R1/sources/A18_H8策略结果补充原件.docx,01_当前接手核心与最新证据/MineSim_正式交接配套包_20260919_R1/sources/A18_H8策略结果补充原件.md,PASS,0,
01_当前接手核心与最新证据/MineSim_正式交接配套包_20260919_R1/sources/H18_历史交接与证据原包/MineSim_正式交接包_20260918_停工版V1/MineSim_Dynamic_正式交接_截至20260918_H8子树小试后停工版V1.docx,01_当前接手核心与最新证据/MineSim_正式交接配套包_20260919_R1/sources/H18_历史交接与证据原包/MineSim_正式交接包_20260918_停工版V1/MineSim_Dynamic_正式交接_截至20260918_H8子树小试后停工版V1.md,PASS,0,
01_当前接手核心与最新证据/MineSim_正式交接配套包_20260919_R1/sources/H18_历史交接与证据原包/MineSim_正式交接包_20260918_停工版V1/history/H01_20260913_正式交接原件.docx,01_当前接手核心与最新证据/MineSim_正式交接配套包_20260919_R1/sources/H18_历史交接与证据原包/MineSim_正式交接包_20260918_停工版V1/history/H01_20260913_正式交接原件.md,PASS,0,
01_当前接手核心与最新证据/MineSim_正式交接配套包_20260919_R1/sources/H18_历史交接与证据原包/MineSim_正式交接包_20260918_停工版V1/history/H02_20260910_论文标准对齐原包/MineSim_Handoff_20260910_V1/MineSim_Dynamic_正式交接_论文标准对齐版_V1_20260910.docx,01_当前接手核心与最新证据/MineSim_正式交接配套包_20260919_R1/sources/H18_历史交接与证据原包/MineSim_正式交接包_20260918_停工版V1/history/H02_20260910_论文标准对齐原包/MineSim_Handoff_20260910_V1/MineSim_Dynamic_正式交接_论文标准对齐版_V1_20260910.md,PASS,0,
01_当前接手核心与最新证据/MineSim_正式交接配套包_20260919_R1/sources/H18_历史交接与证据原包/MineSim_正式交接包_20260918_停工版V1/history/H02_20260910_论文标准对齐原包/MineSim_Handoff_20260910_V1/historical_sources/E02_MineSim_handoff_summary_V1(4).docx,01_当前接手核心与最新证据/MineSim_正式交接配套包_20260919_R1/sources/H18_历史交接与证据原包/MineSim_正式交接包_20260918_停工版V1/history/H02_20260910_论文标准对齐原包/MineSim_Handoff_20260910_V1/historical_sources/E02_MineSim_handoff_summary_V1(4).md,PASS,0,
01_当前接手核心与最新证据/MineSim_正式交接配套包_20260919_R1/sources/H18_历史交接与证据原包/MineSim_正式交接包_20260918_停工版V1/history/H02_20260910_论文标准对齐原包/MineSim_Handoff_20260910_V1/historical_sources/E03_MineSim_Dynamic_正式交接文档_20260831.docx,01_当前接手核心与最新证据/MineSim_正式交接配套包_20260919_R1/sources/H18_历史交接与证据原包/MineSim_正式交接包_20260918_停工版V1/history/H02_20260910_论文标准对齐原包/MineSim_Handoff_20260910_V1/historical_sources/E03_MineSim_Dynamic_正式交接文档_20260831.md,PASS,3,
01_当前接手核心与最新证据/MineSim_正式交接配套包_20260919_R1/sources/H18_历史交接与证据原包/MineSim_正式交接包_20260918_停工版V1/history/H02_20260910_论文标准对齐原包/MineSim_Handoff_20260910_V1/historical_sources/E04_MineSim_ValueV3_ConfidenceGated_TopKPruning_项目交接文档_K13运行价值评审完成版_V1.docx,01_当前接手核心与最新证据/MineSim_正式交接配套包_20260919_R1/sources/H18_历史交接与证据原包/MineSim_正式交接包_20260918_停工版V1/history/H02_20260910_论文标准对齐原包/MineSim_Handoff_20260910_V1/historical_sources/E04_MineSim_ValueV3_ConfidenceGated_TopKPruning_项目交接文档_K13运行价值评审完成版_V1.md,PASS,0,
02_地图与原项目复现/工程历史与专项/原项目复现(1)/原项目复现/MineSim-Dynamic_论文与项目相关函数详解.docx,02_地图与原项目复现/工程历史与专项/原项目复现(1)/原项目复现/MineSim-Dynamic_论文与项目相关函数详解.md,PASS,0,
02_地图与原项目复现/工程历史与专项/原项目复现(1)/原项目复现/矿山项目分析.docx,02_地图与原项目复现/工程历史与专项/原项目复现(1)/原项目复现/矿山项目分析.md,PASS,0,
03_历史交接文档/AI接手文档(1)/MineSim-Dynamic_云端项目完整交接与工作流手册_2026-08-09.docx,03_历史交接文档/AI接手文档(1)/MineSim-Dynamic_云端项目完整交接与工作流手册_2026-08-09.md,PASS,0,
03_历史交接文档/AI接手文档(1)/MineSim-Dynamic_全项目最新进展_FullMine_VectorV4地图成果与PureMCTS冻结_云端AI长期接管超级手册_2026-08-14.docx,03_历史交接文档/AI接手文档(1)/MineSim-Dynamic_全项目最新进展_FullMine_VectorV4地图成果与PureMCTS冻结_云端AI长期接管超级手册_2026-08-14.md,PASS,0,
03_历史交接文档/AI接手文档(1)/MineSim-Dynamic_全项目进展_FullMine_VectorV4冻结_云端AI长期接管超级手册_2026-08-14.docx,03_历史交接文档/AI接手文档(1)/MineSim-Dynamic_全项目进展_FullMine_VectorV4冻结_云端AI长期接管超级手册_2026-08-14.md,PASS,0,
03_历史交接文档/AI接手文档(1)/MineSim-Dynamic_全项目阶段性总交接与AI无缝接管手册_2026-08-16.docx,03_历史交接文档/AI接手文档(1)/MineSim-Dynamic_全项目阶段性总交接与AI无缝接管手册_2026-08-16.md,PASS,0,
03_历史交接文档/AI接手文档(1)/MineSim-Dynamic_全项目阶段性总交接与AI无缝接管手册_2026-08-17.docx,03_历史交接文档/AI接手文档(1)/MineSim-Dynamic_全项目阶段性总交接与AI无缝接管手册_2026-08-17.md,PASS,0,
03_历史交接文档/AI接手文档(1)/MineSim-Dynamic_新地图项目云端交接手册_2026-08-11.docx,03_历史交接文档/AI接手文档(1)/MineSim-Dynamic_新地图项目云端交接手册_2026-08-11.md,PASS,0,
03_历史交接文档/AI接手文档(1)/MineSim-Dynamic_普通AI与AutoDL云端交互及代码调试手册_2026-07-26.docx,03_历史交接文档/AI接手文档(1)/MineSim-Dynamic_普通AI与AutoDL云端交互及代码调试手册_2026-07-26.md,PASS,0,
03_历史交接文档/AI接手文档(1)/MineSim-Dynamic_项目全景档案与AI长期接管超级手册_2026-08-06.docx,03_历史交接文档/AI接手文档(1)/MineSim-Dynamic_项目全景档案与AI长期接管超级手册_2026-08-06.md,PASS,3,
03_历史交接文档/AI接手文档(1)/MineSim-Dynamic_项目完整进展与云端AI接管超级手册_2026-08-12.docx,03_历史交接文档/AI接手文档(1)/MineSim-Dynamic_项目完整进展与云端AI接管超级手册_2026-08-12.md,PASS,0,
03_历史交接文档/AI接手文档(1)/MineSim-Dynamic_项目必备配套资料_风险清单与AI长期交接手册_2026-07-26.docx,03_历史交接文档/AI接手文档(1)/MineSim-Dynamic_项目必备配套资料_风险清单与AI长期交接手册_2026-07-26.md,PASS,0,
03_历史交接文档/AI接手文档(1)/MineSim项目云端接手与技术总览_2026-08-13.docx,03_历史交接文档/AI接手文档(1)/MineSim项目云端接手与技术总览_2026-08-13.md,PASS,0,
03_历史交接文档/AI接手文档2(1)/MineSim-Dynamic_全项目超详细阶段性总总结与AI无缝接管手册_2026-08-24.docx,03_历史交接文档/AI接手文档2(1)/MineSim-Dynamic_全项目超详细阶段性总总结与AI无缝接管手册_2026-08-24.md,PASS,0,
03_历史交接文档/AI接手文档2(1)/MineSim-Dynamic_全项目超详细阶段性总总结与AI无缝接管手册_2026-08-24_当前最终更新版.docx,03_历史交接文档/AI接手文档2(1)/MineSim-Dynamic_全项目超详细阶段性总总结与AI无缝接管手册_2026-08-24_当前最终更新版.md,PASS,0,
03_历史交接文档/AI接手文档2(1)/MineSim-Dynamic_全项目超详细阶段性总总结与AI无缝接管手册_2026-08-24_晚间更新版.docx,03_历史交接文档/AI接手文档2(1)/MineSim-Dynamic_全项目超详细阶段性总总结与AI无缝接管手册_2026-08-24_晚间更新版.md,PASS,0,
03_历史交接文档/AI接手文档2(1)/MineSim-Dynamic_全项目超详细阶段性总总结与AI无缝接管手册_2026-08-25_C06授权停点版.docx,03_历史交接文档/AI接手文档2(1)/MineSim-Dynamic_全项目超详细阶段性总总结与AI无缝接管手册_2026-08-25_C06授权停点版.md,PASS,0,
03_历史交接文档/AI接手文档2(1)/MineSim-Dynamic_全项目阶段性总总结与AI无缝接管手册_2026-08-18.docx,03_历史交接文档/AI接手文档2(1)/MineSim-Dynamic_全项目阶段性总总结与AI无缝接管手册_2026-08-18.md,PASS,0,
03_历史交接文档/AI接手文档2(1)/MineSim-Dynamic_全项目阶段性总总结与AI无缝接管手册_2026-08-21.docx,03_历史交接文档/AI接手文档2(1)/MineSim-Dynamic_全项目阶段性总总结与AI无缝接管手册_2026-08-21.md,PASS,0,
03_历史交接文档/AI接手文档2(1)/MineSim-Dynamic_全项目阶段性总总结与AI无缝接管手册_2026-08-23.docx,03_历史交接文档/AI接手文档2(1)/MineSim-Dynamic_全项目阶段性总总结与AI无缝接管手册_2026-08-23.md,PASS,0,
03_历史交接文档/AI接手文档2(1)/MineSim-Dynamic_全项目阶段性总总结与AI无缝接管手册_2026-08-24_协议审计停点版.docx,03_历史交接文档/AI接手文档2(1)/MineSim-Dynamic_全项目阶段性总总结与AI无缝接管手册_2026-08-24_协议审计停点版.md,PASS,0,
03_历史交接文档/AI接手文档3(1)/MineSim-Dynamic_ValueV3_2356root_神经网络阶段性交接文档_2026-08-25_训练完成待闭环.docx,03_历史交接文档/AI接手文档3(1)/MineSim-Dynamic_ValueV3_2356root_神经网络阶段性交接文档_2026-08-25_训练完成待闭环.md,PASS,1,
03_历史交接文档/AI接手文档3(1)/MineSim-Dynamic_全项目最终交接与AI无缝接管手册_2026-08-30_ValueGuidedMCTS闭环与文件整理终版.docx,03_历史交接文档/AI接手文档3(1)/MineSim-Dynamic_全项目最终交接与AI无缝接管手册_2026-08-30_ValueGuidedMCTS闭环与文件整理终版.md,PASS,3,
03_历史交接文档/AI接手文档3(1)/MineSim-Dynamic_全项目阶段性总总结与AI无缝接管手册_2026-08-26_C01评价数据冻结_ExactMetric三参数签名故障停点版.docx,03_历史交接文档/AI接手文档3(1)/MineSim-Dynamic_全项目阶段性总总结与AI无缝接管手册_2026-08-26_C01评价数据冻结_ExactMetric三参数签名故障停点版.md,PASS,0,
03_历史交接文档/AI接手文档3(1)/MineSim-Dynamic_全项目阶段性总总结与AI无缝接管手册_2026-08-26_C01静态Checker两进程授权前停点版.docx,03_历史交接文档/AI接手文档3(1)/MineSim-Dynamic_全项目阶段性总总结与AI无缝接管手册_2026-08-26_C01静态Checker两进程授权前停点版.md,PASS,0,
03_历史交接文档/AI接手文档3(1)/MineSim-Dynamic_全项目阶段性总总结与AI无缝接管手册_2026-08-27_ValueGuidedMCTS次级B8矩阵1of9停点版.docx,03_历史交接文档/AI接手文档3(1)/MineSim-Dynamic_全项目阶段性总总结与AI无缝接管手册_2026-08-27_ValueGuidedMCTS次级B8矩阵1of9停点版.md,PASS,0,
03_历史交接文档/AI接手文档3(1)/MineSim-Dynamic_全项目阶段性总总结与AI无缝接管手册_2026-08-29_GuidedB16矩阵2of9第二格待Freeze停点版.docx,03_历史交接文档/AI接手文档3(1)/MineSim-Dynamic_全项目阶段性总总结与AI无缝接管手册_2026-08-29_GuidedB16矩阵2of9第二格待Freeze停点版.md,PASS,0,
03_历史交接文档/AI接手文档3(1)/MineSim-Dynamic_全项目阶段性总总结与AI无缝接管手册_2026-08-29_ValueGuidedMCTS次级B8矩阵4of9_第5格PrestartLine275停点版.docx,03_历史交接文档/AI接手文档3(1)/MineSim-Dynamic_全项目阶段性总总结与AI无缝接管手册_2026-08-29_ValueGuidedMCTS次级B8矩阵4of9_第5格PrestartLine275停点版.md,PASS,0,
03_历史交接文档/AI接手文档3(1)/MineSim-Dynamic_全项目阶段性总总结与AI无缝接管手册_2026-08-30_ConfidenceGated运行资产恢复Presearch_SIGKILL停点版.docx,03_历史交接文档/AI接手文档3(1)/MineSim-Dynamic_全项目阶段性总总结与AI无缝接管手册_2026-08-30_ConfidenceGated运行资产恢复Presearch_SIGKILL停点版.md,PASS,0,
03_历史交接文档/AI接手文档4(1)/MineSim_ValueV3_ConfidenceGated_MCTS_项目交接文档_剪枝分支启动版_V1.docx,03_历史交接文档/AI接手文档4(1)/MineSim_ValueV3_ConfidenceGated_MCTS_项目交接文档_剪枝分支启动版_V1.md,PASS,2,
03_历史交接文档/AI接手文档4(1)/MineSim_ValueV3_训练数据审计与MCTS剪枝方法详解_20260906.docx,03_历史交接文档/AI接手文档4(1)/MineSim_ValueV3_训练数据审计与MCTS剪枝方法详解_20260906.md,PASS,0,
06_专项证据与论文资料/MineSim_云端项目整理最终文档包(1)/MineSim_云端项目文件整理与维护说明.docx,06_专项证据与论文资料/MineSim_云端项目整理最终文档包(1)/MineSim_云端项目文件整理与维护说明_converted.md,PASS,0,
09_AI接手文档集合/AI接手文档2__展开/MineSim-Dynamic_ValueV3_2356root_神经网络阶段性交接文档_2026-08-25_训练完成待闭环.docx,09_AI接手文档集合/AI接手文档2__展开/MineSim-Dynamic_ValueV3_2356root_神经网络阶段性交接文档_2026-08-25_训练完成待闭环.md,PASS,1,
09_AI接手文档集合/AI接手文档2__展开/MineSim-Dynamic_全项目超详细阶段性总总结与AI无缝接管手册_2026-08-24.docx,09_AI接手文档集合/AI接手文档2__展开/MineSim-Dynamic_全项目超详细阶段性总总结与AI无缝接管手册_2026-08-24.md,PASS,0,
09_AI接手文档集合/AI接手文档2__展开/MineSim-Dynamic_全项目超详细阶段性总总结与AI无缝接管手册_2026-08-24_当前最终更新版.docx,09_AI接手文档集合/AI接手文档2__展开/MineSim-Dynamic_全项目超详细阶段性总总结与AI无缝接管手册_2026-08-24_当前最终更新版.md,PASS,0,
09_AI接手文档集合/AI接手文档2__展开/MineSim-Dynamic_全项目超详细阶段性总总结与AI无缝接管手册_2026-08-24_晚间更新版.docx,09_AI接手文档集合/AI接手文档2__展开/MineSim-Dynamic_全项目超详细阶段性总总结与AI无缝接管手册_2026-08-24_晚间更新版.md,PASS,0,
09_AI接手文档集合/AI接手文档2__展开/MineSim-Dynamic_全项目超详细阶段性总总结与AI无缝接管手册_2026-08-25_C06授权停点版.docx,09_AI接手文档集合/AI接手文档2__展开/MineSim-Dynamic_全项目超详细阶段性总总结与AI无缝接管手册_2026-08-25_C06授权停点版.md,PASS,0,
09_AI接手文档集合/AI接手文档2__展开/MineSim-Dynamic_全项目阶段性总总结与AI无缝接管手册_2026-08-18.docx,09_AI接手文档集合/AI接手文档2__展开/MineSim-Dynamic_全项目阶段性总总结与AI无缝接管手册_2026-08-18.md,PASS,0,
09_AI接手文档集合/AI接手文档2__展开/MineSim-Dynamic_全项目阶段性总总结与AI无缝接管手册_2026-08-21.docx,09_AI接手文档集合/AI接手文档2__展开/MineSim-Dynamic_全项目阶段性总总结与AI无缝接管手册_2026-08-21.md,PASS,0,
09_AI接手文档集合/AI接手文档2__展开/MineSim-Dynamic_全项目阶段性总总结与AI无缝接管手册_2026-08-23.docx,09_AI接手文档集合/AI接手文档2__展开/MineSim-Dynamic_全项目阶段性总总结与AI无缝接管手册_2026-08-23.md,PASS,0,
09_AI接手文档集合/AI接手文档2__展开/MineSim-Dynamic_全项目阶段性总总结与AI无缝接管手册_2026-08-24_协议审计停点版.docx,09_AI接手文档集合/AI接手文档2__展开/MineSim-Dynamic_全项目阶段性总总结与AI无缝接管手册_2026-08-24_协议审计停点版.md,PASS,0,
09_AI接手文档集合/AI接手文档3__展开/MineSim-Dynamic_ValueV3_2356root_神经网络阶段性交接文档_2026-08-25_训练完成待闭环.docx,09_AI接手文档集合/AI接手文档3__展开/MineSim-Dynamic_ValueV3_2356root_神经网络阶段性交接文档_2026-08-25_训练完成待闭环.md,PASS,1,
09_AI接手文档集合/AI接手文档3__展开/MineSim-Dynamic_全项目最终交接与AI无缝接管手册_2026-08-30_ValueGuidedMCTS闭环与文件整理终版.docx,09_AI接手文档集合/AI接手文档3__展开/MineSim-Dynamic_全项目最终交接与AI无缝接管手册_2026-08-30_ValueGuidedMCTS闭环与文件整理终版.md,PASS,3,
09_AI接手文档集合/AI接手文档3__展开/MineSim-Dynamic_全项目阶段性总总结与AI无缝接管手册_2026-08-26_C01评价数据冻结_ExactMetric三参数签名故障停点版.docx,09_AI接手文档集合/AI接手文档3__展开/MineSim-Dynamic_全项目阶段性总总结与AI无缝接管手册_2026-08-26_C01评价数据冻结_ExactMetric三参数签名故障停点版.md,PASS,0,
09_AI接手文档集合/AI接手文档3__展开/MineSim-Dynamic_全项目阶段性总总结与AI无缝接管手册_2026-08-26_C01静态Checker两进程授权前停点版.docx,09_AI接手文档集合/AI接手文档3__展开/MineSim-Dynamic_全项目阶段性总总结与AI无缝接管手册_2026-08-26_C01静态Checker两进程授权前停点版.md,PASS,0,
09_AI接手文档集合/AI接手文档3__展开/MineSim-Dynamic_全项目阶段性总总结与AI无缝接管手册_2026-08-27_ValueGuidedMCTS次级B8矩阵1of9停点版.docx,09_AI接手文档集合/AI接手文档3__展开/MineSim-Dynamic_全项目阶段性总总结与AI无缝接管手册_2026-08-27_ValueGuidedMCTS次级B8矩阵1of9停点版.md,PASS,0,
09_AI接手文档集合/AI接手文档3__展开/MineSim-Dynamic_全项目阶段性总总结与AI无缝接管手册_2026-08-29_GuidedB16矩阵2of9第二格待Freeze停点版.docx,09_AI接手文档集合/AI接手文档3__展开/MineSim-Dynamic_全项目阶段性总总结与AI无缝接管手册_2026-08-29_GuidedB16矩阵2of9第二格待Freeze停点版.md,PASS,0,
09_AI接手文档集合/AI接手文档3__展开/MineSim-Dynamic_全项目阶段性总总结与AI无缝接管手册_2026-08-29_ValueGuidedMCTS次级B8矩阵4of9_第5格PrestartLine275停点版.docx,09_AI接手文档集合/AI接手文档3__展开/MineSim-Dynamic_全项目阶段性总总结与AI无缝接管手册_2026-08-29_ValueGuidedMCTS次级B8矩阵4of9_第5格PrestartLine275停点版.md,PASS,0,
09_AI接手文档集合/AI接手文档3__展开/MineSim-Dynamic_全项目阶段性总总结与AI无缝接管手册_2026-08-30_ConfidenceGated运行资产恢复Presearch_SIGKILL停点版.docx,09_AI接手文档集合/AI接手文档3__展开/MineSim-Dynamic_全项目阶段性总总结与AI无缝接管手册_2026-08-30_ConfidenceGated运行资产恢复Presearch_SIGKILL停点版.md,PASS,0,
09_AI接手文档集合/AI接手文档4__展开/MineSim_Dynamic_正式交接_论文标准对齐版_V1_20260910.docx,09_AI接手文档集合/AI接手文档4__展开/MineSim_Dynamic_正式交接_论文标准对齐版_V1_20260910.md,PASS,0,
09_AI接手文档集合/AI接手文档4__展开/MineSim_Dynamic_正式交接文档_20260831.docx,09_AI接手文档集合/AI接手文档4__展开/MineSim_Dynamic_正式交接文档_20260831.md,PASS,3,
09_AI接手文档集合/AI接手文档4__展开/MineSim_ValueV3_ConfidenceGated_MCTS_项目交接文档_剪枝分支启动版_V1.docx,09_AI接手文档集合/AI接手文档4__展开/MineSim_ValueV3_ConfidenceGated_MCTS_项目交接文档_剪枝分支启动版_V1.md,PASS,2,
09_AI接手文档集合/AI接手文档4__展开/MineSim_ValueV3_ConfidenceGated_TopKPruning_项目交接文档_K13运行价值评审完成版_V1.docx,09_AI接手文档集合/AI接手文档4__展开/MineSim_ValueV3_ConfidenceGated_TopKPruning_项目交接文档_K13运行价值评审完成版_V1.md,PASS,0,
09_AI接手文档集合/AI接手文档4__展开/MineSim_ValueV3_训练数据审计与MCTS剪枝方法详解_20260906.docx,09_AI接手文档集合/AI接手文档4__展开/MineSim_ValueV3_训练数据审计与MCTS剪枝方法详解_20260906.md,PASS,0,
09_AI接手文档集合/AI接手文档__展开/MineSim-Dynamic_云端项目完整交接与工作流手册_2026-08-09.docx,09_AI接手文档集合/AI接手文档__展开/MineSim-Dynamic_云端项目完整交接与工作流手册_2026-08-09.md,PASS,0,
09_AI接手文档集合/AI接手文档__展开/MineSim-Dynamic_全项目最新进展_FullMine_VectorV4地图成果与PureMCTS冻结_云端AI长期接管超级手册_2026-08-14.docx,09_AI接手文档集合/AI接手文档__展开/MineSim-Dynamic_全项目最新进展_FullMine_VectorV4地图成果与PureMCTS冻结_云端AI长期接管超级手册_2026-08-14.md,PASS,0,
09_AI接手文档集合/AI接手文档__展开/MineSim-Dynamic_全项目进展_FullMine_VectorV4冻结_云端AI长期接管超级手册_2026-08-14.docx,09_AI接手文档集合/AI接手文档__展开/MineSim-Dynamic_全项目进展_FullMine_VectorV4冻结_云端AI长期接管超级手册_2026-08-14.md,PASS,0,
09_AI接手文档集合/AI接手文档__展开/MineSim-Dynamic_全项目阶段性总交接与AI无缝接管手册_2026-08-16.docx,09_AI接手文档集合/AI接手文档__展开/MineSim-Dynamic_全项目阶段性总交接与AI无缝接管手册_2026-08-16.md,PASS,0,
09_AI接手文档集合/AI接手文档__展开/MineSim-Dynamic_全项目阶段性总交接与AI无缝接管手册_2026-08-17.docx,09_AI接手文档集合/AI接手文档__展开/MineSim-Dynamic_全项目阶段性总交接与AI无缝接管手册_2026-08-17.md,PASS,0,
09_AI接手文档集合/AI接手文档__展开/MineSim-Dynamic_新地图项目云端交接手册_2026-08-11.docx,09_AI接手文档集合/AI接手文档__展开/MineSim-Dynamic_新地图项目云端交接手册_2026-08-11.md,PASS,0,
09_AI接手文档集合/AI接手文档__展开/MineSim-Dynamic_普通AI与AutoDL云端交互及代码调试手册_2026-07-26.docx,09_AI接手文档集合/AI接手文档__展开/MineSim-Dynamic_普通AI与AutoDL云端交互及代码调试手册_2026-07-26.md,PASS,0,
09_AI接手文档集合/AI接手文档__展开/MineSim-Dynamic_项目全景档案与AI长期接管超级手册_2026-08-06.docx,09_AI接手文档集合/AI接手文档__展开/MineSim-Dynamic_项目全景档案与AI长期接管超级手册_2026-08-06.md,PASS,3,
09_AI接手文档集合/AI接手文档__展开/MineSim-Dynamic_项目完整进展与云端AI接管超级手册_2026-08-12.docx,09_AI接手文档集合/AI接手文档__展开/MineSim-Dynamic_项目完整进展与云端AI接管超级手册_2026-08-12.md,PASS,0,
09_AI接手文档集合/AI接手文档__展开/MineSim-Dynamic_项目必备配套资料_风险清单与AI长期交接手册_2026-07-26.docx,09_AI接手文档集合/AI接手文档__展开/MineSim-Dynamic_项目必备配套资料_风险清单与AI长期交接手册_2026-07-26.md,PASS,0,
09_AI接手文档集合/AI接手文档__展开/MineSim项目云端接手与技术总览_2026-08-13.docx,09_AI接手文档集合/AI接手文档__展开/MineSim项目云端接手与技术总览_2026-08-13.md,PASS,0,
09_AI接手文档集合/MineSim-Dynamic_云端项目完整交接与工作流手册_2026-08-09.docx,09_AI接手文档集合/MineSim-Dynamic_云端项目完整交接与工作流手册_2026-08-09.md,PASS,0,
09_AI接手文档集合/MineSim-Dynamic_全项目最新进展_FullMine_VectorV4地图成果与PureMCTS冻结_云端AI长期接管超级手册_2026-08-14.docx,09_AI接手文档集合/MineSim-Dynamic_全项目最新进展_FullMine_VectorV4地图成果与PureMCTS冻结_云端AI长期接管超级手册_2026-08-14.md,PASS,0,
09_AI接手文档集合/MineSim-Dynamic_全项目进展_FullMine_VectorV4冻结_云端AI长期接管超级手册_2026-08-14.docx,09_AI接手文档集合/MineSim-Dynamic_全项目进展_FullMine_VectorV4冻结_云端AI长期接管超级手册_2026-08-14.md,PASS,0,
09_AI接手文档集合/MineSim-Dynamic_全项目阶段性总交接与AI无缝接管手册_2026-08-16.docx,09_AI接手文档集合/MineSim-Dynamic_全项目阶段性总交接与AI无缝接管手册_2026-08-16.md,PASS,0,
09_AI接手文档集合/MineSim-Dynamic_全项目阶段性总交接与AI无缝接管手册_2026-08-17.docx,09_AI接手文档集合/MineSim-Dynamic_全项目阶段性总交接与AI无缝接管手册_2026-08-17.md,PASS,0,
09_AI接手文档集合/MineSim-Dynamic_新地图项目云端交接手册_2026-08-11.docx,09_AI接手文档集合/MineSim-Dynamic_新地图项目云端交接手册_2026-08-11.md,PASS,0,
09_AI接手文档集合/MineSim-Dynamic_普通AI与AutoDL云端交互及代码调试手册_2026-07-26.docx,09_AI接手文档集合/MineSim-Dynamic_普通AI与AutoDL云端交互及代码调试手册_2026-07-26.md,PASS,0,
09_AI接手文档集合/MineSim-Dynamic_项目全景档案与AI长期接管超级手册_2026-08-06.docx,09_AI接手文档集合/MineSim-Dynamic_项目全景档案与AI长期接管超级手册_2026-08-06.md,PASS,3,
09_AI接手文档集合/MineSim-Dynamic_项目完整进展与云端AI接管超级手册_2026-08-12.docx,09_AI接手文档集合/MineSim-Dynamic_项目完整进展与云端AI接管超级手册_2026-08-12.md,PASS,0,
09_AI接手文档集合/MineSim-Dynamic_项目必备配套资料_风险清单与AI长期交接手册_2026-07-26.docx,09_AI接手文档集合/MineSim-Dynamic_项目必备配套资料_风险清单与AI长期交接手册_2026-07-26.md,PASS,0,
09_AI接手文档集合/MineSim_Dynamic_正式交接_截至20260918_H8子树小试后停工版V1.docx,09_AI接手文档集合/MineSim_Dynamic_正式交接_截至20260918_H8子树小试后停工版V1.md,PASS,0,
09_AI接手文档集合/MineSim_H8四条策略验证_交接补充V1.1_20260918.docx,09_AI接手文档集合/MineSim_H8四条策略验证_交接补充V1.1_20260918.md,PASS,0,
09_AI接手文档集合/MineSim_云端项目整理最终文档包__展开/MineSim_云端项目文件整理与维护说明.docx,09_AI接手文档集合/MineSim_云端项目整理最终文档包__展开/MineSim_云端项目文件整理与维护说明_converted.md,PASS,0,
09_AI接手文档集合/MineSim_正式交接_截至20260913_停工版V1.docx,09_AI接手文档集合/MineSim_正式交接_截至20260913_停工版V1.md,PASS,0,
09_AI接手文档集合/MineSim_正式交接配套包_20260919_R1__展开/MineSim_Dynamic_正式交接_算法演进与最新效果_20260919_R1.docx,09_AI接手文档集合/MineSim_正式交接配套包_20260919_R1__展开/MineSim_Dynamic_正式交接_算法演进与最新效果_20260919_R1.md,PASS,0,
09_AI接手文档集合/MineSim_正式交接配套包_20260919_R1__展开/sources/A18_H8策略结果补充原件.docx,09_AI接手文档集合/MineSim_正式交接配套包_20260919_R1__展开/sources/A18_H8策略结果补充原件.md,PASS,0,
09_AI接手文档集合/MineSim项目云端接手与技术总览_2026-08-13.docx,09_AI接手文档集合/MineSim项目云端接手与技术总览_2026-08-13.md,PASS,0,
