path,size_MiB,sha256
02_地图与原项目复现/工程历史与专项/原项目复现(1)/原项目复现/矿山项目原论文.pdf,18.803,135a578c6e1aa1d94093f9e9c3ceb4fcc44bd6ac9b3a4f239c24b8e5303cb093
02_地图与原项目复现/工程历史与专项/地图新建相关文件(1)/地图新建相关文件/lane.geojson,31.948,1cccaf5f83c1e478e07a6982bb1360bfa1bd70ebdaa655efff4a09a6ee72058c
02_地图与原项目复现/工程历史与专项/地图新建相关文件(1)/地图新建相关文件/rgn_boundary.geojson,16.968,2c225050c658000f0201c297a08f3ae5eeedf26ac2fb17775d100c32956d10dd
02_地图与原项目复现/工程历史与专项/地图新建相关文件(1)/地图新建相关文件/road.geojson,26.748,8d9a32ddeee18c7524c8e7b2eba6373f358d4f962c5abbe14c9733214942eea7
02_地图与原项目复现/工程历史与专项/地图新建相关文件(1)/地图新建相关文件/road_boundary.geojson,27.130,079901afaf3407401a5b8b52314bb70cd23eae62c0145fe32772c2a581cdfa0c
04_参考论文/论文与参考/可参考论文(1)/可参考论文(1).7z,21.835,79a0707d2dfdd42b04c8622b505b371885ec558af1183db3db67f1e6af5b6f5c
05_接下来方向与效果对比/工程历史与专项/接下来方向(1)/接下来方向(1).7z,30.853,43b15ae6b089887f99efdd18ff04681793e5f693e0f0592ae76ef2dbdbd60c69
07_历史损坏大包分片A/超大原件分片/MineSim_Complete_Handoff_Package_2026-08-24 (1)(1).zip.part001,44.000,1fdc148fa848f086a6458e5a4cb0e371d92f70c8c08397922559605cc4ee5130
08_历史损坏大包分片B/超大原件分片/MineSim_Complete_Handoff_Package_2026-08-24 (1)(1).zip.part002,44.000,1a5d370d45d05e56aa9360224b1c83c4db598442fd1676ec44ae61eb1ffb2395
