root	source	mean_gap03_minus30	score03	selected	observed_choice_loss	repeated_order_sign
contrast_00	policy_00	61.054964873098236	0.2932211336117519	3,0	61.054964873098236	1
coverage_policy_00__step0065	policy_00	-0.25161083850538546	0.5061777018369189	0,3	0.25161083850538546	-1
coverage_policy_00__step0040	policy_00	-0.16691203226265117	0.5853571596196454	0,3	0.16691203226265117	None
coverage_policy_00__step0028	policy_00	-0.9407940622378845	0.5934618798858404	0,3	0.9407940622378845	-1
contrast_01	policy_01	-70.07194049516491	0.5212400743657521	0,3	70.07194049516491	-1
coverage_policy_01__step0059	policy_01	-0.03990803667782927	0.6365787054382673	0,3	0.03990803667782927	None
coverage_policy_01__step0014	policy_01	-8.376565341027458	0.6801689945739271	0,3	8.376565341027458	None
coverage_policy_01__step0040	policy_01	1.7738404133033328	0.6352317580856	0,3	0.0	None
contrast_02	policy_02	1.4245153217214437	0.3911799272207703	3,0	1.4245153217214437	None
newroot_00	policy_02	-39.69864669946578	0.5449780485275703	0,3	39.69864669946578	None
newroot_01	policy_02	2.024806194758767	0.5534546453605984	0,3	0.0	None
coverage_policy_02__step0063	policy_02	0.9708569943149357	0.5751809047784713	0,3	0.0	1
contrast_03	policy_03	-45.099503144721155	0.550359798988771	0,3	45.099503144721155	None
newroot_02	policy_03	-37.74488024101463	0.5623159844885048	0,3	37.74488024101463	-1
newroot_03	policy_03	1.4904059216852161	0.5507892859616481	0,3	0.0	None
coverage_policy_03__step0061	policy_03	0.48995472341696455	0.623387986124997	0,3	0.0	None
contrast_04	policy_04	35.98326588192243	0.4595380716681559	3,0	35.98326588192243	1
coverage_policy_04__step0061	policy_04	0.02741193512684248	0.45900116264287677	3,0	0.02741193512684248	None
coverage_policy_04__step0038	policy_04	-0.042290948706238396	0.447932066475465	3,0	0.0	None
coverage_policy_04__step0017	policy_04	-0.7238748951846219	0.580050657751969	0,3	0.7238748951846219	None
contrast_05	policy_05	49.00275126525988	0.3118802510219908	3,0	49.00275126525988	1
coverage_policy_05__step0066	policy_05	-0.23407369296785419	0.5710317639442485	0,3	0.23407369296785419	None
coverage_policy_05__step0040	policy_05	-1.0729956655742043	0.4886547180218005	3,0	0.0	-1
coverage_policy_05__step0011	policy_05	21.351045214585206	0.4854249272980135	3,0	21.351045214585206	None
contrast_06	policy_06	-31.03158152738138	0.5215368171239352	0,3	31.03158152738138	None
newroot_04	policy_06	1.946141720825345	0.041598491362791805	3,0	1.946141720825345	None
newroot_05	policy_06	1.0776855041834494	0.59776534539505	0,3	0.0	1
coverage_policy_06__step0050	policy_06	0.8510353090260097	0.6199856634778245	0,3	0.0	1
contrast_07	policy_07	18.63411789540224	0.3905419840635941	3,0	18.63411789540224	None
newroot_06	policy_07	-1.2716853233049648	0.6534418218985661	0,3	1.2716853233049648	None
newroot_07	policy_07	-0.5733042989719195	0.6147696022907676	0,3	0.5733042989719195	None
coverage_policy_07__step0065	policy_07	0.07357909369056159	0.5939856462177753	0,3	0.0	None
