stored_path,size_bytes,sha256,copies_found,selected_origin,other_duplicate_origins
CROSS_SCENE_DYNAMIC_CONCLUSION_V1(1)/SHA256SUMS.txt,296,416e56bd6a54e9f15dc494ffdd6cf72d707649592c73c42974f0a37d3b66ccb3,2,CROSS_SCENE_DYNAMIC_CONCLUSION_V1(1).zip!SHA256SUMS.txt,AI接手文档（截至9月12）(1).zip!CROSS_SCENE_DYNAMIC_CONCLUSION_V1.zip!SHA256SUMS.txt
CROSS_SCENE_DYNAMIC_CONCLUSION_V1(1)/cross_scene_dynamic_conclusion_v1.json,8153,6f47be35e533117d82bdf687a37c0c2daa358661241e1ded2c7efba255f7dbe4,2,CROSS_SCENE_DYNAMIC_CONCLUSION_V1(1).zip!cross_scene_dynamic_conclusion_v1.json,AI接手文档（截至9月12）(1).zip!CROSS_SCENE_DYNAMIC_CONCLUSION_V1.zip!cross_scene_dynamic_conclusion_v1.json
CROSS_SCENE_DYNAMIC_CONCLUSION_V1(1)/cross_scene_dynamic_conclusion_v1.md,2015,0084e27b629ab37dfc6be2b966b7af79be268f3fa3cbb9ac6bcc6e21903ca924,2,CROSS_SCENE_DYNAMIC_CONCLUSION_V1(1).zip!cross_scene_dynamic_conclusion_v1.md,AI接手文档（截至9月12）(1).zip!CROSS_SCENE_DYNAMIC_CONCLUSION_V1.zip!cross_scene_dynamic_conclusion_v1.md
CROSS_SCENE_DYNAMIC_CONCLUSION_V1(1)/source_inventory.json,16284,2eddb51786f024324e756d7365054025f10ba4265ffaf3bdde2414ff57daca5d,2,CROSS_SCENE_DYNAMIC_CONCLUSION_V1(1).zip!source_inventory.json,AI接手文档（截至9月12）(1).zip!CROSS_SCENE_DYNAMIC_CONCLUSION_V1.zip!source_inventory.json
MineSim_1536条采集记录恢复与当前状态_20260912(1)/CELL377_FINAL_STATE_EXCERPT.json,637,95210b8f9a4984111be473e15d076dd0bf33f6a97fa767d23e6195ff5db166c1,1,MineSim_1536条采集记录恢复与当前状态_20260912(1).zip!CELL377_FINAL_STATE_EXCERPT.json,
MineSim_1536条采集记录恢复与当前状态_20260912(1)/CURRENT_STATE_RECOVERED.json,3574,bc6ef3fe8e30d5ab69743e96f14a8107af1f8d743be14184c6fa0b5b3cf252d2,1,MineSim_1536条采集记录恢复与当前状态_20260912(1).zip!CURRENT_STATE_RECOVERED.json,
MineSim_1536条采集记录恢复与当前状态_20260912(1)/LOCAL_RECORD_REVIEW.json,14194,945a373bdf4e3c2d05ac77c827a7356e19405afe946dfbb443606d4200637869,1,MineSim_1536条采集记录恢复与当前状态_20260912(1).zip!LOCAL_RECORD_REVIEW.json,
MineSim_1536条采集记录恢复与当前状态_20260912(1)/PACKAGE_SHA256SUMS.json,24062,5c5f53c2af0b3995ed4842768eda1c0dd4086123441de8108ae047635d9332e5,1,MineSim_1536条采集记录恢复与当前状态_20260912(1).zip!PACKAGE_SHA256SUMS.json,
MineSim_1536条采集记录恢复与当前状态_20260912(1)/REVIEW.md,7909,5f7b015161e3d1a1d78bac481278afd8ab8ae4f79d6b32e30f2008d9279fc11e,1,MineSim_1536条采集记录恢复与当前状态_20260912(1).zip!REVIEW.md,
MineSim_1536条采集记录恢复与当前状态_20260912(1)/evidence/ARCHIVES_METADATA_ONLY.json,1182,2421787ef605521b59e8a605e2f90fbc8a7dfb9a95f8808ddb33501a24ef7590,1,MineSim_1536条采集记录恢复与当前状态_20260912(1).zip!evidence/ARCHIVES_METADATA_ONLY.json,
MineSim_1536条采集记录恢复与当前状态_20260912(1)/evidence/EXPORT_MANIFEST.json,20838,13b068900e8d0221f0dd0bbb061feaf61ff8621e7c7417ccceb776753a34bfc2,1,MineSim_1536条采集记录恢复与当前状态_20260912(1).zip!evidence/EXPORT_MANIFEST.json,
MineSim_1536条采集记录恢复与当前状态_20260912(1)/evidence/EXPORT_PLAN.json,18193,1d4c7367228455996d6e7120f2399167e5affd0dfc19ea55b5ded2b9e97a65ff,1,MineSim_1536条采集记录恢复与当前状态_20260912(1).zip!evidence/EXPORT_PLAN.json,
MineSim_1536条采集记录恢复与当前状态_20260912(1)/evidence/README.txt,342,91a0be90c21060b986cd2eda7cd163b09939d936953c8d1137accca55568ba37,1,MineSim_1536条采集记录恢复与当前状态_20260912(1).zip!evidence/README.txt,
MineSim_1536条采集记录恢复与当前状态_20260912(1)/evidence/REQUEST.json,256,cb3cdc551b5ec94d930e77bd5713e4fa482b403d937cd7c2864f984a62b39790,1,MineSim_1536条采集记录恢复与当前状态_20260912(1).zip!evidence/REQUEST.json,
MineSim_1536条采集记录恢复与当前状态_20260912(1)/evidence/RESULT.json,679,5f40749f7adf692f371205419cc0a8bddc0e2b92fcff7c0480c6e8171f8f4810,1,MineSim_1536条采集记录恢复与当前状态_20260912(1).zip!evidence/RESULT.json,
MineSim_1536条采集记录恢复与当前状态_20260912(1)/evidence/SOURCE_CAPTURE_MANIFEST.json,105725,30bfd6182e6c182256aa5fb99401cf70cdb0ae81e282e7b00ab092ffbe1a29bf,1,MineSim_1536条采集记录恢复与当前状态_20260912(1).zip!evidence/SOURCE_CAPTURE_MANIFEST.json,
MineSim_1536条采集记录恢复与当前状态_20260912(1)/evidence/exporter_source.py,33083,4fa99b834bd52099871f5e583423f349e07a8b84954c46263448c7db7c3b1cf1,1,MineSim_1536条采集记录恢复与当前状态_20260912(1).zip!evidence/exporter_source.py,
MineSim_1536条采集记录恢复与当前状态_20260912(1)/evidence/sources/data/minesim_confirmation768_parallel_v1.screen.log,19959,36fe82cc38630dddf7e1dd9b25b0c65695e973a742d85db7e04ae3f049245a0a,1,MineSim_1536条采集记录恢复与当前状态_20260912(1).zip!evidence/sources/data/minesim_confirmation768_parallel_v1.screen.log,
MineSim_1536条采集记录恢复与当前状态_20260912(1)/evidence/sources/data/minesim_confirmation768_parallel_v1/AUTHORIZATION.json,1562,b7fe8ce5aecfc27c34d32f43935798d759a6612a005a9742f4c69f0e90674a1e,1,MineSim_1536条采集记录恢复与当前状态_20260912(1).zip!evidence/sources/data/minesim_confirmation768_parallel_v1/AUTHORIZATION.json,
MineSim_1536条采集记录恢复与当前状态_20260912(1)/evidence/sources/data/minesim_confirmation768_parallel_v1/CAPTURE.json,156,d28202b746a8adb55d6e7e074943e70e1b36968f182db53b9863ffcbe9b43d58,1,MineSim_1536条采集记录恢复与当前状态_20260912(1).zip!evidence/sources/data/minesim_confirmation768_parallel_v1/CAPTURE.json,
MineSim_1536条采集记录恢复与当前状态_20260912(1)/evidence/sources/data/minesim_confirmation768_parallel_v1/COLLECTION_AUDIT.json,162994,5fdaf32740702c1e8a563ed26c5daab6838a1a0b4279b1d4637f9f04f80276cc,1,MineSim_1536条采集记录恢复与当前状态_20260912(1).zip!evidence/sources/data/minesim_confirmation768_parallel_v1/COLLECTION_AUDIT.json,
MineSim_1536条采集记录恢复与当前状态_20260912(1)/evidence/sources/data/minesim_confirmation768_parallel_v1/IMPORT_PROBE.stderr.txt,0,e3b0c44298fc1c149afbf4c8996fb92427ae41e4649b934ca495991b7852b855,1,MineSim_1536条采集记录恢复与当前状态_20260912(1).zip!evidence/sources/data/minesim_confirmation768_parallel_v1/IMPORT_PROBE.stderr.txt,
MineSim_1536条采集记录恢复与当前状态_20260912(1)/evidence/sources/data/minesim_confirmation768_parallel_v1/IMPORT_PROBE.stdout.txt,2977,7191da282c0e32a8c83d88ca12b8dab866d8a1b6c49d84e11b260ae5c7c0696e,1,MineSim_1536条采集记录恢复与当前状态_20260912(1).zip!evidence/sources/data/minesim_confirmation768_parallel_v1/IMPORT_PROBE.stdout.txt,
MineSim_1536条采集记录恢复与当前状态_20260912(1)/evidence/sources/data/minesim_confirmation768_parallel_v1/MANIFEST.json,845760,6ef869b9e79653b5888ebdd9ddba34510725898682972a9279554b5e040f7da5,1,MineSim_1536条采集记录恢复与当前状态_20260912(1).zip!evidence/sources/data/minesim_confirmation768_parallel_v1/MANIFEST.json,
MineSim_1536条采集记录恢复与当前状态_20260912(1)/evidence/sources/data/minesim_confirmation768_parallel_v1/POSTCHECK.json,282915,7489f0d25d5eee67c80d3e56e313a768ba1a062a823d53b7766d71d8945898df,1,MineSim_1536条采集记录恢复与当前状态_20260912(1).zip!evidence/sources/data/minesim_confirmation768_parallel_v1/POSTCHECK.json,
MineSim_1536条采集记录恢复与当前状态_20260912(1)/evidence/sources/data/minesim_confirmation768_parallel_v1/PREFLIGHT.json,284791,e7fb2e010db917f2499c08a56f037d3b2cf135e009309190891b76d00bc5b6aa,1,MineSim_1536条采集记录恢复与当前状态_20260912(1).zip!evidence/sources/data/minesim_confirmation768_parallel_v1/PREFLIGHT.json,
MineSim_1536条采集记录恢复与当前状态_20260912(1)/evidence/sources/data/minesim_confirmation768_parallel_v1/RESULT.json,1040,56c32fc7520532ae4df6cca0cbd66b56dc9212adae0c52a4a303cb44a4e7bf86,1,MineSim_1536条采集记录恢复与当前状态_20260912(1).zip!evidence/sources/data/minesim_confirmation768_parallel_v1/RESULT.json,
MineSim_1536条采集记录恢复与当前状态_20260912(1)/evidence/sources/data/minesim_confirmation768_parallel_v1/SCHEDULE.json,379572,c46cca0abff73537dfb393c48521ccd7b12c7f6ce5f54485d405c48f256ebb52,2,MineSim_1536条采集记录恢复与当前状态_20260912(1).zip!evidence/sources/data/minesim_confirmation768_parallel_v1/SCHEDULE.json,MineSim_1536条采集记录恢复与当前状态_20260912(1).zip!evidence/sources/data/minesim_confirmation768_parallel_v1/bundle/CONFIRMATION_SCHEDULE.json
MineSim_1536条采集记录恢复与当前状态_20260912(1)/evidence/sources/data/minesim_confirmation768_parallel_v1/SEED_LEASE.json,427,d54760696b0fd2cd232e06bb0ad6c222c0e3df5907c94d8cd0f944f322df2a54,1,MineSim_1536条采集记录恢复与当前状态_20260912(1).zip!evidence/sources/data/minesim_confirmation768_parallel_v1/SEED_LEASE.json,
MineSim_1536条采集记录恢复与当前状态_20260912(1)/evidence/sources/data/minesim_confirmation768_parallel_v1/START.json,266,4c0844ed8a9ba0f20c2e1d49110a53f4620dcb2bf0755c90af6c81fec71979d5,1,MineSim_1536条采集记录恢复与当前状态_20260912(1).zip!evidence/sources/data/minesim_confirmation768_parallel_v1/START.json,
MineSim_1536条采集记录恢复与当前状态_20260912(1)/evidence/sources/data/minesim_confirmation768_parallel_v1/bundle/BINDINGS_LIVE_FILES.json,238350,e8f92f8cad7617012773970d2c78cccc5869ff62c1403993c3ab649f7a01a0fd,1,MineSim_1536条采集记录恢复与当前状态_20260912(1).zip!evidence/sources/data/minesim_confirmation768_parallel_v1/bundle/BINDINGS_LIVE_FILES.json,
MineSim_1536条采集记录恢复与当前状态_20260912(1)/evidence/sources/data/minesim_confirmation768_parallel_v1/bundle/CONFIRMATION_SPEC.json,20361,e1e7f5077cbef11fa76e4b9736e77b9693d3203fcf39258ff50c70f21d324296,1,MineSim_1536条采集记录恢复与当前状态_20260912(1).zip!evidence/sources/data/minesim_confirmation768_parallel_v1/bundle/CONFIRMATION_SPEC.json,
MineSim_1536条采集记录恢复与当前状态_20260912(1)/evidence/sources/data/minesim_confirmation768_parallel_v1/bundle/EXECUTION_PAYLOAD_MANIFEST.json,16337,fb14ca6faedf7623b58f35e37f4feb7b9da3de3d366d64fa6cdf86a1adcb644b,1,MineSim_1536条采集记录恢复与当前状态_20260912(1).zip!evidence/sources/data/minesim_confirmation768_parallel_v1/bundle/EXECUTION_PAYLOAD_MANIFEST.json,
MineSim_1536条采集记录恢复与当前状态_20260912(1)/evidence/sources/data/minesim_confirmation768_parallel_v1/bundle/PAYLOAD_MANIFEST.json,14483,2023daf5477c712c027a9d559ef73f67073f2915a5db9973c684a0cea900d7e4,1,MineSim_1536条采集记录恢复与当前状态_20260912(1).zip!evidence/sources/data/minesim_confirmation768_parallel_v1/bundle/PAYLOAD_MANIFEST.json,
MineSim_1536条采集记录恢复与当前状态_20260912(1)/evidence/sources/data/minesim_confirmation768_parallel_v1/bundle/RELEASE_PROTOCOL.json,396512,7663f7080c0a6eb215068dc9a11c98fa95ce71693287ee7dc6a15080ccb49a11,1,MineSim_1536条采集记录恢复与当前状态_20260912(1).zip!evidence/sources/data/minesim_confirmation768_parallel_v1/bundle/RELEASE_PROTOCOL.json,
MineSim_1536条采集记录恢复与当前状态_20260912(1)/evidence/sources/data/minesim_confirmation768_parallel_v1/bundle/REVIEWED_COLLECTORS.json,688,4b7495fdd50f0239c58b02c0c23704ee0bf0e1c0a3a667fa6c1a7917207a0610,1,MineSim_1536条采集记录恢复与当前状态_20260912(1).zip!evidence/sources/data/minesim_confirmation768_parallel_v1/bundle/REVIEWED_COLLECTORS.json,
MineSim_1536条采集记录恢复与当前状态_20260912(1)/evidence/sources/data/minesim_confirmation768_parallel_v1/bundle/SOURCE_BINDINGS.json,19435,69d052671f8fbf09efaa530e95de5c34749792a9ae6a66c126ff0747dcb25ca0,1,MineSim_1536条采集记录恢复与当前状态_20260912(1).zip!evidence/sources/data/minesim_confirmation768_parallel_v1/bundle/SOURCE_BINDINGS.json,
MineSim_1536条采集记录恢复与当前状态_20260912(1)/evidence/sources/data/minesim_confirmation768_parallel_v1/bundle/WORKER_ASSIGNMENTS.json,25370,b7567aad020887a47fdc3dfd9b870eda48927b89b243ce3e260450d5a2ce810d,1,MineSim_1536条采集记录恢复与当前状态_20260912(1).zip!evidence/sources/data/minesim_confirmation768_parallel_v1/bundle/WORKER_ASSIGNMENTS.json,
MineSim_1536条采集记录恢复与当前状态_20260912(1)/evidence/sources/data/minesim_confirmation768_parallel_v1/bundle/frozen/ALL_PAIRS_1440.json,1015182,43bc556321f735c5e4dddaba68c03a979a3a894fe4883dffac94e531f8c7a66a,1,MineSim_1536条采集记录恢复与当前状态_20260912(1).zip!evidence/sources/data/minesim_confirmation768_parallel_v1/bundle/frozen/ALL_PAIRS_1440.json,
MineSim_1536条采集记录恢复与当前状态_20260912(1)/evidence/sources/data/minesim_confirmation768_parallel_v1/bundle/frozen/CANDIDATE_FREEZE.json,2034,55f361244034f2cf52458fa24cd17616dc3c0aa6eec38e580978d04f08b18cad,1,MineSim_1536条采集记录恢复与当前状态_20260912(1).zip!evidence/sources/data/minesim_confirmation768_parallel_v1/bundle/frozen/CANDIDATE_FREEZE.json,
MineSim_1536条采集记录恢复与当前状态_20260912(1)/evidence/sources/data/minesim_confirmation768_parallel_v1/bundle/frozen/CANDIDATE_LIMITATIONS_AND_SPLIT_SUPPORT.json,3527,c613634728bf825f75ed8b67a0dadb848d891821853c67ddfc74366e4cc632c0,1,MineSim_1536条采集记录恢复与当前状态_20260912(1).zip!evidence/sources/data/minesim_confirmation768_parallel_v1/bundle/frozen/CANDIDATE_LIMITATIONS_AND_SPLIT_SUPPORT.json,
MineSim_1536条采集记录恢复与当前状态_20260912(1)/evidence/sources/data/minesim_confirmation768_parallel_v1/bundle/frozen/CONFIRMATION_HANDOFF.json,1331,24f646250edda850e74d86bd87bc46b6e073cba1e1c8ad54c5c593343babfeed,1,MineSim_1536条采集记录恢复与当前状态_20260912(1).zip!evidence/sources/data/minesim_confirmation768_parallel_v1/bundle/frozen/CONFIRMATION_HANDOFF.json,
MineSim_1536条采集记录恢复与当前状态_20260912(1)/evidence/sources/data/minesim_confirmation768_parallel_v1/bundle/frozen/DISCOVERY_CANDIDATES.json,193904,8fec4366c6988f2c539534b8b04c55bd9133f05101082190fb77c47fab6c9446,1,MineSim_1536条采集记录恢复与当前状态_20260912(1).zip!evidence/sources/data/minesim_confirmation768_parallel_v1/bundle/frozen/DISCOVERY_CANDIDATES.json,
MineSim_1536条采集记录恢复与当前状态_20260912(1)/evidence/sources/data/minesim_confirmation768_parallel_v1/bundle/frozen/EPISODE_SPLITS_DESIGN.json,4382,7edb2ee0dff2666e9f5bc54279de6eb3b627251facdf9773dc5ad886430584c7,1,MineSim_1536条采集记录恢复与当前状态_20260912(1).zip!evidence/sources/data/minesim_confirmation768_parallel_v1/bundle/frozen/EPISODE_SPLITS_DESIGN.json,
MineSim_1536条采集记录恢复与当前状态_20260912(1)/evidence/sources/data/minesim_confirmation768_parallel_v1/bundle/frozen/OBSERVATIONS_768.json,896221,f01471cf9c2609995fa221868df4f0376eda2cca669972e93dc36f6248d76294,1,MineSim_1536条采集记录恢复与当前状态_20260912(1).zip!evidence/sources/data/minesim_confirmation768_parallel_v1/bundle/frozen/OBSERVATIONS_768.json,
MineSim_1536条采集记录恢复与当前状态_20260912(1)/evidence/sources/data/minesim_confirmation768_parallel_v1/bundle/frozen/PLANNED_CELLS_1536.csv,138116,bdbeddbdbea68dec9980d419b07b7cd0d43a14595ca182a045d3c901be65fa39,1,MineSim_1536条采集记录恢复与当前状态_20260912(1).zip!evidence/sources/data/minesim_confirmation768_parallel_v1/bundle/frozen/PLANNED_CELLS_1536.csv,
MineSim_1536条采集记录恢复与当前状态_20260912(1)/evidence/sources/data/minesim_confirmation768_parallel_v1/bundle/frozen/PROTOCOL.json,15581,6e4d327e3a109e9e6e979ac902f23c0aaaf7bf5317f10085058d3e9383fe397b,1,MineSim_1536条采集记录恢复与当前状态_20260912(1).zip!evidence/sources/data/minesim_confirmation768_parallel_v1/bundle/frozen/PROTOCOL.json,
MineSim_1536条采集记录恢复与当前状态_20260912(1)/evidence/sources/data/minesim_confirmation768_parallel_v1/bundle/frozen/SELECTED_12_ROOTS_DESIGN.json,11377,52b1294141230f4b927473f22451b0e8e49d615761cb9ed5fcd48b70cb58c5b3,1,MineSim_1536条采集记录恢复与当前状态_20260912(1).zip!evidence/sources/data/minesim_confirmation768_parallel_v1/bundle/frozen/SELECTED_12_ROOTS_DESIGN.json,
MineSim_1536条采集记录恢复与当前状态_20260912(1)/evidence/sources/data/minesim_confirmation768_parallel_v1/bundle/frozen/prior_DISCOVERY_LEDGER_768.json,853788,efc04e51e2328351f3c7035a94a28baa2852af17004de98ffcea56e1928465f4,1,MineSim_1536条采集记录恢复与当前状态_20260912(1).zip!evidence/sources/data/minesim_confirmation768_parallel_v1/bundle/frozen/prior_DISCOVERY_LEDGER_768.json,
MineSim_1536条采集记录恢复与当前状态_20260912(1)/evidence/sources/data/minesim_confirmation768_parallel_v1/bundle/frozen/protocol_reference_frozen.py,8444,9767fa134c7478ae7a48232e8431c32e8cd3bd6be62ae2d19520d9ac32955a49,1,MineSim_1536条采集记录恢复与当前状态_20260912(1).zip!evidence/sources/data/minesim_confirmation768_parallel_v1/bundle/frozen/protocol_reference_frozen.py,
MineSim_1536条采集记录恢复与当前状态_20260912(1)/evidence/sources/data/minesim_confirmation768_parallel_v1/parallel/PHASE_RESULT.json,189,41168ec26d1c3d858a75f36090bdaa9d6ee5b080e6c768147b71a1a44b92a179,1,MineSim_1536条采集记录恢复与当前状态_20260912(1).zip!evidence/sources/data/minesim_confirmation768_parallel_v1/parallel/PHASE_RESULT.json,
MineSim_1536条采集记录恢复与当前状态_20260912(1)/evidence/sources/data/minesim_confirmation768_parallel_v1/parallel/PROCESSES.json,379684,67e6c3691497022d7adf6387be8079e069212bc1530e235d87139951059150aa,1,MineSim_1536条采集记录恢复与当前状态_20260912(1).zip!evidence/sources/data/minesim_confirmation768_parallel_v1/parallel/PROCESSES.json,
MineSim_1536条采集记录恢复与当前状态_20260912(1)/evidence/sources/data/minesim_confirmation768_parallel_v1/parallel/workers/worker_0/PROGRESS.jsonl,35096,3b7a8c841203d43733c9f9749708fe185e621ce15f8e5b7568911f982bbb3ecb,1,MineSim_1536条采集记录恢复与当前状态_20260912(1).zip!evidence/sources/data/minesim_confirmation768_parallel_v1/parallel/workers/worker_0/PROGRESS.jsonl,
MineSim_1536条采集记录恢复与当前状态_20260912(1)/evidence/sources/data/minesim_confirmation768_parallel_v1/parallel/workers/worker_0/RESULT.json,6534,da6ef8cdaaa774d81b9fe5f4baecbdecdd12cacd92c5c420f8ea5bc547775103,1,MineSim_1536条采集记录恢复与当前状态_20260912(1).zip!evidence/sources/data/minesim_confirmation768_parallel_v1/parallel/workers/worker_0/RESULT.json,
MineSim_1536条采集记录恢复与当前状态_20260912(1)/evidence/sources/data/minesim_confirmation768_parallel_v1/parallel/workers/worker_0/START.json,95016,6c1291b11d0f02a13878a35867454b334a65f2fa9d14e1039e7a1048f0b5545d,1,MineSim_1536条采集记录恢复与当前状态_20260912(1).zip!evidence/sources/data/minesim_confirmation768_parallel_v1/parallel/workers/worker_0/START.json,
MineSim_1536条采集记录恢复与当前状态_20260912(1)/evidence/sources/data/minesim_confirmation768_parallel_v1/parallel/workers/worker_1/PROGRESS.jsonl,35087,add402e4b52be221cdda3b63773f667ce5ad92631aed761e3b662b22a6525340,1,MineSim_1536条采集记录恢复与当前状态_20260912(1).zip!evidence/sources/data/minesim_confirmation768_parallel_v1/parallel/workers/worker_1/PROGRESS.jsonl,
MineSim_1536条采集记录恢复与当前状态_20260912(1)/evidence/sources/data/minesim_confirmation768_parallel_v1/parallel/workers/worker_1/RESULT.json,6534,95bdbb12b3a41bf18dfd2b09d1b32ba534255cdfa8cadedaf5e3461fcee310e5,1,MineSim_1536条采集记录恢复与当前状态_20260912(1).zip!evidence/sources/data/minesim_confirmation768_parallel_v1/parallel/workers/worker_1/RESULT.json,
MineSim_1536条采集记录恢复与当前状态_20260912(1)/evidence/sources/data/minesim_confirmation768_parallel_v1/parallel/workers/worker_1/START.json,95016,583686f8dc7411f7ba52b9184c8a05fc4fafa4da94c184f418373ab7f40c05b7,1,MineSim_1536条采集记录恢复与当前状态_20260912(1).zip!evidence/sources/data/minesim_confirmation768_parallel_v1/parallel/workers/worker_1/START.json,
MineSim_1536条采集记录恢复与当前状态_20260912(1)/evidence/sources/data/minesim_confirmation768_parallel_v1/parallel/workers/worker_2/PROGRESS.jsonl,35088,c2fe2c409ac7bee3b1911e19d5d215c6a8d846a8812e3a7c4dba0636810c5273,1,MineSim_1536条采集记录恢复与当前状态_20260912(1).zip!evidence/sources/data/minesim_confirmation768_parallel_v1/parallel/workers/worker_2/PROGRESS.jsonl,
MineSim_1536条采集记录恢复与当前状态_20260912(1)/evidence/sources/data/minesim_confirmation768_parallel_v1/parallel/workers/worker_2/RESULT.json,6533,81f938b5bd6662ff6df1f78b101de3974d8c25a4c8d380ed6be6aac13093f8d1,1,MineSim_1536条采集记录恢复与当前状态_20260912(1).zip!evidence/sources/data/minesim_confirmation768_parallel_v1/parallel/workers/worker_2/RESULT.json,
MineSim_1536条采集记录恢复与当前状态_20260912(1)/evidence/sources/data/minesim_confirmation768_parallel_v1/parallel/workers/worker_2/START.json,95017,f4df62f62c62c9c357fa724bf949764f11c6654e0f22778cb82ee3aba7693924,1,MineSim_1536条采集记录恢复与当前状态_20260912(1).zip!evidence/sources/data/minesim_confirmation768_parallel_v1/parallel/workers/worker_2/START.json,
MineSim_1536条采集记录恢复与当前状态_20260912(1)/evidence/sources/data/minesim_confirmation768_parallel_v1/parallel/workers/worker_3/PROGRESS.jsonl,35106,a9f19ea67b33b3fdcd2acc3b377a6a7abedf062f2e116a9acbb518cb7c51b68d,1,MineSim_1536条采集记录恢复与当前状态_20260912(1).zip!evidence/sources/data/minesim_confirmation768_parallel_v1/parallel/workers/worker_3/PROGRESS.jsonl,
MineSim_1536条采集记录恢复与当前状态_20260912(1)/evidence/sources/data/minesim_confirmation768_parallel_v1/parallel/workers/worker_3/RESULT.json,6533,a677a99eb8922d6f391c2268a4737d6df068f7cd547e6517e6e327d329f03ddd,1,MineSim_1536条采集记录恢复与当前状态_20260912(1).zip!evidence/sources/data/minesim_confirmation768_parallel_v1/parallel/workers/worker_3/RESULT.json,
MineSim_1536条采集记录恢复与当前状态_20260912(1)/evidence/sources/data/minesim_confirmation768_parallel_v1/parallel/workers/worker_3/START.json,95017,183c914934db991def1531cd349f26cde08f9105f35674a5a62886dc3d5bebff,1,MineSim_1536条采集记录恢复与当前状态_20260912(1).zip!evidence/sources/data/minesim_confirmation768_parallel_v1/parallel/workers/worker_3/START.json,
MineSim_1536条采集记录恢复与当前状态_20260912(1)/evidence/sources/data/minesim_confirmation768_parallel_v1/runner.py.txt,1590799,92e95de0558783ab5678687d51aba207f8c4d1cbd4d3850f037243fd4faaa37e,1,MineSim_1536条采集记录恢复与当前状态_20260912(1).zip!evidence/sources/data/minesim_confirmation768_parallel_v1/runner.py.txt,
MineSim_1536条采集记录恢复与当前状态_20260912(1)/evidence/sources/data/minesim_discovery_cell377_tail_continuation_v1.screen.log,8232,922ae1407bf6043b80ee5e7bca29912b0720c8c0fcd0d51ca5281635d1d4ca31,1,MineSim_1536条采集记录恢复与当前状态_20260912(1).zip!evidence/sources/data/minesim_discovery_cell377_tail_continuation_v1.screen.log,
MineSim_1536条采集记录恢复与当前状态_20260912(1)/evidence/sources/data/minesim_discovery_cell377_tail_continuation_v1/AUTHORIZATION.json,1164,5a384511b4f0e4545f04c17adb396cdfe5d3df736a7267b6dfd118ddbeed39f0,1,MineSim_1536条采集记录恢复与当前状态_20260912(1).zip!evidence/sources/data/minesim_discovery_cell377_tail_continuation_v1/AUTHORIZATION.json,
MineSim_1536条采集记录恢复与当前状态_20260912(1)/evidence/sources/data/minesim_discovery_cell377_tail_continuation_v1/CAPTURE.json,290,adee012ddaead53145dbc7a1544fc87743e679ec350dcc8662d94a545db0a199,1,MineSim_1536条采集记录恢复与当前状态_20260912(1).zip!evidence/sources/data/minesim_discovery_cell377_tail_continuation_v1/CAPTURE.json,
MineSim_1536条采集记录恢复与当前状态_20260912(1)/evidence/sources/data/minesim_discovery_cell377_tail_continuation_v1/JOIN_VALIDATION.json,661,a8920ffd3aae96d2c28f78a4555f1781ceae45fa7133f0647b1fe08352b6ba13,1,MineSim_1536条采集记录恢复与当前状态_20260912(1).zip!evidence/sources/data/minesim_discovery_cell377_tail_continuation_v1/JOIN_VALIDATION.json,
MineSim_1536条采集记录恢复与当前状态_20260912(1)/evidence/sources/data/minesim_discovery_cell377_tail_continuation_v1/MANIFEST.json,18419,b2e4a0e6eb25f45867ed04d9f7f80175d2b71a4042e3e02d9c8dda664e2229be,1,MineSim_1536条采集记录恢复与当前状态_20260912(1).zip!evidence/sources/data/minesim_discovery_cell377_tail_continuation_v1/MANIFEST.json,
MineSim_1536条采集记录恢复与当前状态_20260912(1)/evidence/sources/data/minesim_discovery_cell377_tail_continuation_v1/POSTCHECK.json,199,1ab7ab3a95b8b969d3d361a17733737e8d38370b1f0ebbba0173d6c5f8432a33,1,MineSim_1536条采集记录恢复与当前状态_20260912(1).zip!evidence/sources/data/minesim_discovery_cell377_tail_continuation_v1/POSTCHECK.json,
MineSim_1536条采集记录恢复与当前状态_20260912(1)/evidence/sources/data/minesim_discovery_cell377_tail_continuation_v1/PREFLIGHT.json,7580,9cdefe319531b2a486509ecc62ec3d24ef131c65c3f970a6644db091bf54f64d,1,MineSim_1536条采集记录恢复与当前状态_20260912(1).zip!evidence/sources/data/minesim_discovery_cell377_tail_continuation_v1/PREFLIGHT.json,
MineSim_1536条采集记录恢复与当前状态_20260912(1)/evidence/sources/data/minesim_discovery_cell377_tail_continuation_v1/PROGRESS.jsonl,5972,bfbcd5c6606b4b9ffb57b0e23864a3921c600eb212e5a7f6a5197ae88b9891fc,1,MineSim_1536条采集记录恢复与当前状态_20260912(1).zip!evidence/sources/data/minesim_discovery_cell377_tail_continuation_v1/PROGRESS.jsonl,
MineSim_1536条采集记录恢复与当前状态_20260912(1)/evidence/sources/data/minesim_discovery_cell377_tail_continuation_v1/RECONSTRUCTED_CONTEXT.json,884,4a387771453b8bac21c86efa31867d5d4f0f432e0ad682ff5433a7a21228c140,1,MineSim_1536条采集记录恢复与当前状态_20260912(1).zip!evidence/sources/data/minesim_discovery_cell377_tail_continuation_v1/RECONSTRUCTED_CONTEXT.json,
MineSim_1536条采集记录恢复与当前状态_20260912(1)/evidence/sources/data/minesim_discovery_cell377_tail_continuation_v1/REQUEST.json,253,94c696f2d86ea3f794df3787a59f2dc15f8254a998a483bc4c97ff4e453842f5,1,MineSim_1536条采集记录恢复与当前状态_20260912(1).zip!evidence/sources/data/minesim_discovery_cell377_tail_continuation_v1/REQUEST.json,
MineSim_1536条采集记录恢复与当前状态_20260912(1)/evidence/sources/data/minesim_discovery_cell377_tail_continuation_v1/RESULT.json,881,27ed371824ed5d129e8e03006198d1660d38869128c3d92f962e5ee4a53ec4dc,1,MineSim_1536条采集记录恢复与当前状态_20260912(1).zip!evidence/sources/data/minesim_discovery_cell377_tail_continuation_v1/RESULT.json,
MineSim_1536条采集记录恢复与当前状态_20260912(1)/evidence/sources/data/minesim_discovery_cell377_tail_continuation_v1/START.json,447,800099f99ccb0b94659bbbe6f7f358534c1ead2b34df572f1f9aaef7faa1310b,1,MineSim_1536条采集记录恢复与当前状态_20260912(1).zip!evidence/sources/data/minesim_discovery_cell377_tail_continuation_v1/START.json,
MineSim_1536条采集记录恢复与当前状态_20260912(1)/evidence/sources/data/minesim_discovery_cell377_tail_continuation_v1/STATIC_INPUT_CHECK.json,1163,bed31b3ae49ae1a1513410cfedf53f09171203a813ec955e70d896c781267ccb,1,MineSim_1536条采集记录恢复与当前状态_20260912(1).zip!evidence/sources/data/minesim_discovery_cell377_tail_continuation_v1/STATIC_INPUT_CHECK.json,
MineSim_1536条采集记录恢复与当前状态_20260912(1)/evidence/sources/data/minesim_discovery_cell377_tail_continuation_v1/cell/CELL_START.json,565,cdd6c9ca9f39ccccb1f3e2f19ac83389b4904f9621a41d6594d3c170c8d98b4d,1,MineSim_1536条采集记录恢复与当前状态_20260912(1).zip!evidence/sources/data/minesim_discovery_cell377_tail_continuation_v1/cell/CELL_START.json,
MineSim_1536条采集记录恢复与当前状态_20260912(1)/evidence/sources/data/minesim_discovery_cell377_tail_continuation_v1/cell/COMMIT.json,1162,3992732f4201e8327259a220e508d00fce9a5a1421acd049b8cad7c494861a9c,1,MineSim_1536条采集记录恢复与当前状态_20260912(1).zip!evidence/sources/data/minesim_discovery_cell377_tail_continuation_v1/cell/COMMIT.json,
MineSim_1536条采集记录恢复与当前状态_20260912(1)/evidence/sources/data/minesim_discovery_cell377_tail_continuation_v1/cell/RESOLVED_CONTEXT.json,884,4ead99e9617aa1ca66d6eee052de7d36cf737c9b84ca05d14cfda3625d8246d7,1,MineSim_1536条采集记录恢复与当前状态_20260912(1).zip!evidence/sources/data/minesim_discovery_cell377_tail_continuation_v1/cell/RESOLVED_CONTEXT.json,
MineSim_1536条采集记录恢复与当前状态_20260912(1)/evidence/sources/data/minesim_discovery_cell377_tail_continuation_v1/cell/events.jsonl,263767,4a896f817da9779e4170c9015688baa72518afcee92ff5b0899aa0e5f66650f7,1,MineSim_1536条采集记录恢复与当前状态_20260912(1).zip!evidence/sources/data/minesim_discovery_cell377_tail_continuation_v1/cell/events.jsonl,
MineSim_1536条采集记录恢复与当前状态_20260912(1)/evidence/sources/data/minesim_discovery_cell377_tail_continuation_v1/cell/metric_view.json,191877,e103f7af5e017ec3939cab0cd6da5118cb7fb4ca574a6853172097f9acce4f16,1,MineSim_1536条采集记录恢复与当前状态_20260912(1).zip!evidence/sources/data/minesim_discovery_cell377_tail_continuation_v1/cell/metric_view.json,
MineSim_1536条采集记录恢复与当前状态_20260912(1)/evidence/sources/data/minesim_discovery_cell377_tail_continuation_v1/cell/metrics.json,4450,21adf0dfba3952219f5c758c32b87721264c8422c49a58f6e1da8f04c07a38db,1,MineSim_1536条采集记录恢复与当前状态_20260912(1).zip!evidence/sources/data/minesim_discovery_cell377_tail_continuation_v1/cell/metrics.json,
MineSim_1536条采集记录恢复与当前状态_20260912(1)/evidence/sources/data/minesim_discovery_cell377_tail_continuation_v1/cell/trace.json,219533,da523d091966f27b60b67866bac79b5271b65ff2f0b067a8880556018e6ada7d,1,MineSim_1536条采集记录恢复与当前状态_20260912(1).zip!evidence/sources/data/minesim_discovery_cell377_tail_continuation_v1/cell/trace.json,
MineSim_1536条采集记录恢复与当前状态_20260912(1)/evidence/sources/data/minesim_discovery_remaining390_parallel_v1.screen.log,25131,7f7157a3cb35d42c5390cc5f4dd7daa59a0accdf832f62fe1d43c827a150783e,1,MineSim_1536条采集记录恢复与当前状态_20260912(1).zip!evidence/sources/data/minesim_discovery_remaining390_parallel_v1.screen.log,
MineSim_1536条采集记录恢复与当前状态_20260912(1)/evidence/sources/data/minesim_discovery_remaining390_parallel_v1/AUTHORIZATION.json,1623,1fef964c90d103b19abe69d3841b28222a35f3a48d7aa3670cb9198129197314,1,MineSim_1536条采集记录恢复与当前状态_20260912(1).zip!evidence/sources/data/minesim_discovery_remaining390_parallel_v1/AUTHORIZATION.json,
MineSim_1536条采集记录恢复与当前状态_20260912(1)/evidence/sources/data/minesim_discovery_remaining390_parallel_v1/CAPTURE.json,166,beb7405b2a101db190a74e3be2c588fb78d8223ee46a77d82b99c2359a3ab3c3,1,MineSim_1536条采集记录恢复与当前状态_20260912(1).zip!evidence/sources/data/minesim_discovery_remaining390_parallel_v1/CAPTURE.json,
MineSim_1536条采集记录恢复与当前状态_20260912(1)/evidence/sources/data/minesim_discovery_remaining390_parallel_v1/CELL_LEASE.json,12064,496fd9756bfa95427cbcc8ad794072b4ceb836a0eab6b20023f357eb057329c4,1,MineSim_1536条采集记录恢复与当前状态_20260912(1).zip!evidence/sources/data/minesim_discovery_remaining390_parallel_v1/CELL_LEASE.json,
MineSim_1536条采集记录恢复与当前状态_20260912(1)/evidence/sources/data/minesim_discovery_remaining390_parallel_v1/COLLECTION_AUDIT.json,82350,70cfc0d08a92faaa6473180f91edee914df310f5096ae6f817b39e120a46b6bb,1,MineSim_1536条采集记录恢复与当前状态_20260912(1).zip!evidence/sources/data/minesim_discovery_remaining390_parallel_v1/COLLECTION_AUDIT.json,
MineSim_1536条采集记录恢复与当前状态_20260912(1)/evidence/sources/data/minesim_discovery_remaining390_parallel_v1/MANIFEST.json,425224,f2cdbc0fbd1fc663977fa9cdceaa501f73a9a25e36947d02cb239e579848c76e,1,MineSim_1536条采集记录恢复与当前状态_20260912(1).zip!evidence/sources/data/minesim_discovery_remaining390_parallel_v1/MANIFEST.json,
MineSim_1536条采集记录恢复与当前状态_20260912(1)/evidence/sources/data/minesim_discovery_remaining390_parallel_v1/POSTCHECK.json,3121,635990545c8eed99c7b8fb842db9a3d6e2ab2ec5a45bf2a8563b4ff213986076,1,MineSim_1536条采集记录恢复与当前状态_20260912(1).zip!evidence/sources/data/minesim_discovery_remaining390_parallel_v1/POSTCHECK.json,
MineSim_1536条采集记录恢复与当前状态_20260912(1)/evidence/sources/data/minesim_discovery_remaining390_parallel_v1/PREFLIGHT.json,3416,8930e0766d768bab83b0f10bbebe08ff48fc6d4d67737cd6bfcfc1ea56c267f9,1,MineSim_1536条采集记录恢复与当前状态_20260912(1).zip!evidence/sources/data/minesim_discovery_remaining390_parallel_v1/PREFLIGHT.json,
MineSim_1536条采集记录恢复与当前状态_20260912(1)/evidence/sources/data/minesim_discovery_remaining390_parallel_v1/RESULT.json,928,21099e6f846e5a05e904edee79bd264011dd1c8c2931c29accb2ed9e29c19e88,1,MineSim_1536条采集记录恢复与当前状态_20260912(1).zip!evidence/sources/data/minesim_discovery_remaining390_parallel_v1/RESULT.json,
MineSim_1536条采集记录恢复与当前状态_20260912(1)/evidence/sources/data/minesim_discovery_remaining390_parallel_v1/SCHEDULE.json,191368,0aea1f06607d462e08cc80a61d4e644d8c44d608265c26add95558458a61b8a4,1,MineSim_1536条采集记录恢复与当前状态_20260912(1).zip!evidence/sources/data/minesim_discovery_remaining390_parallel_v1/SCHEDULE.json,
MineSim_1536条采集记录恢复与当前状态_20260912(1)/evidence/sources/data/minesim_discovery_remaining390_parallel_v1/START.json,292,0bbec6f7fcf44587c9c2717e7cb8d39fb1bdbe4f2b7e4cd2959201bb13fbcbcc,1,MineSim_1536条采集记录恢复与当前状态_20260912(1).zip!evidence/sources/data/minesim_discovery_remaining390_parallel_v1/START.json,
MineSim_1536条采集记录恢复与当前状态_20260912(1)/evidence/sources/data/minesim_discovery_remaining390_parallel_v1/bundle/BOUNDARY.json,427315,55520800929ab5e6d67aa711f3e5ea6df1f9cecf5871851e2f5717eb51092b13,1,MineSim_1536条采集记录恢复与当前状态_20260912(1).zip!evidence/sources/data/minesim_discovery_remaining390_parallel_v1/bundle/BOUNDARY.json,
MineSim_1536条采集记录恢复与当前状态_20260912(1)/evidence/sources/data/minesim_discovery_remaining390_parallel_v1/bundle/MANIFEST.json,10463,fbb54ace5620585b43117be4c1b33f921ddcffa02d3b42bd19f2a50e5ab7de76,1,MineSim_1536条采集记录恢复与当前状态_20260912(1).zip!evidence/sources/data/minesim_discovery_remaining390_parallel_v1/bundle/MANIFEST.json,
MineSim_1536条采集记录恢复与当前状态_20260912(1)/evidence/sources/data/minesim_discovery_remaining390_parallel_v1/bundle/PROTOCOL.json,210021,00434567b3fbe351922300b8ded2f4728cc0b86f9dc2ce8ce7ef6ad6edc216ba,1,MineSim_1536条采集记录恢复与当前状态_20260912(1).zip!evidence/sources/data/minesim_discovery_remaining390_parallel_v1/bundle/PROTOCOL.json,
MineSim_1536条采集记录恢复与当前状态_20260912(1)/evidence/sources/data/minesim_discovery_remaining390_parallel_v1/parallel/PHASE_RESULT.json,185,a33ab9637d17826564dbc2f2acec23d80d7f0c22cf103069151e27185c30543f,1,MineSim_1536条采集记录恢复与当前状态_20260912(1).zip!evidence/sources/data/minesim_discovery_remaining390_parallel_v1/parallel/PHASE_RESULT.json,
MineSim_1536条采集记录恢复与当前状态_20260912(1)/evidence/sources/data/minesim_discovery_remaining390_parallel_v1/parallel/PROCESSES.json,191480,4bec9eb8ed81bcab7561bb60aa15a50da33f1c308cd38c62de84870ac1f05377,1,MineSim_1536条采集记录恢复与当前状态_20260912(1).zip!evidence/sources/data/minesim_discovery_remaining390_parallel_v1/parallel/PROCESSES.json,
MineSim_1536条采集记录恢复与当前状态_20260912(1)/evidence/sources/data/minesim_discovery_remaining390_parallel_v1/parallel/workers/worker_0/PROGRESS.jsonl,17599,09f3459a29fcc63572f0324c47fdb3a426cb48bf60120a63de72982a1e2662df,1,MineSim_1536条采集记录恢复与当前状态_20260912(1).zip!evidence/sources/data/minesim_discovery_remaining390_parallel_v1/parallel/workers/worker_0/PROGRESS.jsonl,
MineSim_1536条采集记录恢复与当前状态_20260912(1)/evidence/sources/data/minesim_discovery_remaining390_parallel_v1/parallel/workers/worker_0/RESULT.json,3103,b7a54e58ab6ce434180cbc818aa5d9b62173fdaae1e6adab4e927230b40014ed,1,MineSim_1536条采集记录恢复与当前状态_20260912(1).zip!evidence/sources/data/minesim_discovery_remaining390_parallel_v1/parallel/workers/worker_0/RESULT.json,
MineSim_1536条采集记录恢复与当前状态_20260912(1)/evidence/sources/data/minesim_discovery_remaining390_parallel_v1/parallel/workers/worker_0/START.json,47718,7054a045b7df5578a88e13749bfb757f87a57748c97569e8bda11e15cb739dc2,1,MineSim_1536条采集记录恢复与当前状态_20260912(1).zip!evidence/sources/data/minesim_discovery_remaining390_parallel_v1/parallel/workers/worker_0/START.json,
MineSim_1536条采集记录恢复与当前状态_20260912(1)/evidence/sources/data/minesim_discovery_remaining390_parallel_v1/parallel/workers/worker_1/PROGRESS.jsonl,17584,7bbed2fad45df116f1e704d461087a3d4e4470cadf7007659bdfbdfca395702e,1,MineSim_1536条采集记录恢复与当前状态_20260912(1).zip!evidence/sources/data/minesim_discovery_remaining390_parallel_v1/parallel/workers/worker_1/PROGRESS.jsonl,
MineSim_1536条采集记录恢复与当前状态_20260912(1)/evidence/sources/data/minesim_discovery_remaining390_parallel_v1/parallel/workers/worker_1/RESULT.json,3104,4bf7597616487a7932520f2aae47d018b363896fa92f5d765f129776c5195256,1,MineSim_1536条采集记录恢复与当前状态_20260912(1).zip!evidence/sources/data/minesim_discovery_remaining390_parallel_v1/parallel/workers/worker_1/RESULT.json,
MineSim_1536条采集记录恢复与当前状态_20260912(1)/evidence/sources/data/minesim_discovery_remaining390_parallel_v1/parallel/workers/worker_1/START.json,47718,da83898e96d01ab6204058f95047f1ebb1f1b718227e92a7103cc1d161f602f9,1,MineSim_1536条采集记录恢复与当前状态_20260912(1).zip!evidence/sources/data/minesim_discovery_remaining390_parallel_v1/parallel/workers/worker_1/START.json,
MineSim_1536条采集记录恢复与当前状态_20260912(1)/evidence/sources/data/minesim_discovery_remaining390_parallel_v1/parallel/workers/worker_2/PROGRESS.jsonl,17744,86546ac8f79be8059d5e1ce5a83bebae61881815b74441402cb259709bac5af0,1,MineSim_1536条采集记录恢复与当前状态_20260912(1).zip!evidence/sources/data/minesim_discovery_remaining390_parallel_v1/parallel/workers/worker_2/PROGRESS.jsonl,
MineSim_1536条采集记录恢复与当前状态_20260912(1)/evidence/sources/data/minesim_discovery_remaining390_parallel_v1/parallel/workers/worker_2/RESULT.json,3134,747495ea242070efe65545305621ca5ff4335ebfb2f6104c077ef4a05ab194b2,1,MineSim_1536条采集记录恢复与当前状态_20260912(1).zip!evidence/sources/data/minesim_discovery_remaining390_parallel_v1/parallel/workers/worker_2/RESULT.json,
MineSim_1536条采集记录恢复与当前状态_20260912(1)/evidence/sources/data/minesim_discovery_remaining390_parallel_v1/parallel/workers/worker_2/START.json,48207,fcc700973778ad9eb952337fd7c5c970f291591dcf499ef739a7b7603a7e0fe5,1,MineSim_1536条采集记录恢复与当前状态_20260912(1).zip!evidence/sources/data/minesim_discovery_remaining390_parallel_v1/parallel/workers/worker_2/START.json,
MineSim_1536条采集记录恢复与当前状态_20260912(1)/evidence/sources/data/minesim_discovery_remaining390_parallel_v1/parallel/workers/worker_3/PROGRESS.jsonl,17768,4853044de5020e48ab5434a983534f50bb5444138af188269a643e4ebf77b2ea,1,MineSim_1536条采集记录恢复与当前状态_20260912(1).zip!evidence/sources/data/minesim_discovery_remaining390_parallel_v1/parallel/workers/worker_3/PROGRESS.jsonl,
MineSim_1536条采集记录恢复与当前状态_20260912(1)/evidence/sources/data/minesim_discovery_remaining390_parallel_v1/parallel/workers/worker_3/RESULT.json,3134,765775dadd46d1f74701fc23838bbfd0324ffdfc460a0029e007f1a563662c26,1,MineSim_1536条采集记录恢复与当前状态_20260912(1).zip!evidence/sources/data/minesim_discovery_remaining390_parallel_v1/parallel/workers/worker_3/RESULT.json,
MineSim_1536条采集记录恢复与当前状态_20260912(1)/evidence/sources/data/minesim_discovery_remaining390_parallel_v1/parallel/workers/worker_3/START.json,48207,ba35024e65f0baf2553c775c5f1bbaa04bd60482a4358a3e78de8bd1d4c9c532,1,MineSim_1536条采集记录恢复与当前状态_20260912(1).zip!evidence/sources/data/minesim_discovery_remaining390_parallel_v1/parallel/workers/worker_3/START.json,
MineSim_1536条采集记录恢复与当前状态_20260912(1)/evidence/sources/data/minesim_discovery_remaining390_parallel_v1/runner.py.txt,1183244,6b48aee4276f498d611f11cabf1c23ae0e1ee17ec50d9acc2e9a3a8b8c7241b1,1,MineSim_1536条采集记录恢复与当前状态_20260912(1).zip!evidence/sources/data/minesim_discovery_remaining390_parallel_v1/runner.py.txt,
MineSim_1536条采集记录恢复与当前状态_20260912(1)/later_stage_reference/COPY_PROVENANCE.json,2379,d20cefc045d07eee21ca8c1495703e0e7f0187c0238af5d7b51ee161b6ed746a,1,MineSim_1536条采集记录恢复与当前状态_20260912(1).zip!later_stage_reference/COPY_PROVENANCE.json,
MineSim_1536条采集记录恢复与当前状态_20260912(1)/later_stage_reference/candidate_regression_RESULT.json,1138,d3746173e1354deee9f1ff407d009d45ee4483f4e0f7ead3b155a653146cf1e8,1,MineSim_1536条采集记录恢复与当前状态_20260912(1).zip!later_stage_reference/candidate_regression_RESULT.json,
MineSim_1536条采集记录恢复与当前状态_20260912(1)/later_stage_reference/dual_stop_contract.json,1696,7eea84e8fc1d3d0a13f9faf7e62b1aea46cb77edc99594b67ce24a796110624f,1,MineSim_1536条采集记录恢复与当前状态_20260912(1).zip!later_stage_reference/dual_stop_contract.json,
MineSim_1536条采集记录恢复与当前状态_20260912(1)/later_stage_reference/policy4_ERROR.json,705,feca4e48a5cc02c10ce253cd0dbf74971ff4e39520432dfe2192101b3ec3f8a6,1,MineSim_1536条采集记录恢复与当前状态_20260912(1).zip!later_stage_reference/policy4_ERROR.json,
MineSim_1536条采集记录恢复与当前状态_20260912(1)/later_stage_reference/policy4_PREFLIGHT.json,10092,1429531de09cf12043208fd2c60210ad39fffbc61d1afd4407debfd4a4bf37e3,1,MineSim_1536条采集记录恢复与当前状态_20260912(1).zip!later_stage_reference/policy4_PREFLIGHT.json,
MineSim_1536条采集记录恢复与当前状态_20260912(1)/later_stage_reference/policy4_RC.txt,2,53c234e5e8472b6ac51c1ae1cab3fe06fad053beb8ebfd8977b010655bfdd3c3,1,MineSim_1536条采集记录恢复与当前状态_20260912(1).zip!later_stage_reference/policy4_RC.txt,
MineSim_1536条采集记录恢复与当前状态_20260912(1)/later_stage_reference/policy4_RESULT.json,326,4417c7f3fbbfec84caa687145ab2a5dcb21029f13842455e2dca952bb4bb7ab2,1,MineSim_1536条采集记录恢复与当前状态_20260912(1).zip!later_stage_reference/policy4_RESULT.json,
MineSim_1536条采集记录恢复与当前状态_20260912(1)/later_stage_reference/policy4_finished.json,288,39cfac63f7d9b9c2b8f0f3844c92657ecd0fafddb5874e8d14e89ca8f004f8c9,1,MineSim_1536条采集记录恢复与当前状态_20260912(1).zip!later_stage_reference/policy4_finished.json,
MineSim_1536条采集记录恢复与当前状态_20260912(1)/later_stage_reference/realroute_smoke_RESULT.json,1363,40cc2339eab00089a851ade65e7cdae09c4b3def9adf394204f379eda4a66f56,1,MineSim_1536条采集记录恢复与当前状态_20260912(1).zip!later_stage_reference/realroute_smoke_RESULT.json,
MineSim_1536条采集记录恢复与当前状态_20260912(1)/review_saved_records.py,14017,6cebfefc37f745ad54fbb2a07f2b04ba89d1554fdced4c1bf18350537cf12d22,1,MineSim_1536条采集记录恢复与当前状态_20260912(1).zip!review_saved_records.py,
MineSim_云端项目整理最终文档包(1)/MineSim_云端项目文件整理与维护说明.docx,49015,cfac0a2c0ef9abb4394314136fb5abe0e3d7ba831b608479624e95595a930010,2,MineSim_云端项目整理最终文档包(1).zip!MineSim_云端项目文件整理与维护说明.docx,AI接手文档（截至9月12）(1).zip!MineSim_云端项目整理最终文档包.zip!MineSim_云端项目文件整理与维护说明.docx
MineSim_云端项目整理最终文档包(1)/MineSim_云端项目文件整理与维护说明.md,16223,bf99168f9e78c13a7bd17480bcd5137d3da848ad0851efede2de16aa4abc29e6,2,MineSim_云端项目整理最终文档包(1).zip!MineSim_云端项目文件整理与维护说明.md,AI接手文档（截至9月12）(1).zip!MineSim_云端项目整理最终文档包.zip!MineSim_云端项目文件整理与维护说明.md
PAPER1_V0_OBSERVATIONAL_FREEZE_V1(1)/SHA256SUMS.txt,573,acaad5819be192412ce2ace1916007ed78d06ac88e340317e4b5383c9d3ff719,2,PAPER1_V0_OBSERVATIONAL_FREEZE_V1(1).zip!SHA256SUMS.txt,AI接手文档（截至9月12）(1).zip!PAPER1_V0_OBSERVATIONAL_FREEZE_V1.zip!SHA256SUMS.txt
PAPER1_V0_OBSERVATIONAL_FREEZE_V1(1)/paper1_v0_observational_freeze_v1.json,1647,989ad916f7d68dfd04f55e0a90ef8bcad3294752156799162fbdd185e55901db,2,PAPER1_V0_OBSERVATIONAL_FREEZE_V1(1).zip!paper1_v0_observational_freeze_v1.json,AI接手文档（截至9月12）(1).zip!PAPER1_V0_OBSERVATIONAL_FREEZE_V1.zip!paper1_v0_observational_freeze_v1.json
PAPER1_V0_OBSERVATIONAL_FREEZE_V1(1)/paper1_v0_observational_freeze_v1.md,1069,a8aded7f18866b4c322927a51c83f843b411bb2147dc7fd4ad87fb439be559ac,2,PAPER1_V0_OBSERVATIONAL_FREEZE_V1(1).zip!paper1_v0_observational_freeze_v1.md,AI接手文档（截至9月12）(1).zip!PAPER1_V0_OBSERVATIONAL_FREEZE_V1.zip!paper1_v0_observational_freeze_v1.md
PAPER1_V0_OBSERVATIONAL_FREEZE_V1(1)/source_final_safety.txt,104,ea41c68dbb914002be83a416ee6e614c7feeec660cfacf72807f0e9e99e0ea40,2,PAPER1_V0_OBSERVATIONAL_FREEZE_V1(1).zip!source_final_safety.txt,AI接手文档（截至9月12）(1).zip!PAPER1_V0_OBSERVATIONAL_FREEZE_V1.zip!source_final_safety.txt
PAPER1_V0_OBSERVATIONAL_FREEZE_V1(1)/source_full_parity_gate.json,2468,c3fab18645cc91e72d4afdbf869a44dc256ec661f41b46ec28e9854cb91497b0,2,PAPER1_V0_OBSERVATIONAL_FREEZE_V1(1).zip!source_full_parity_gate.json,AI接手文档（截至9月12）(1).zip!PAPER1_V0_OBSERVATIONAL_FREEZE_V1.zip!source_full_parity_gate.json
PAPER1_V0_OBSERVATIONAL_FREEZE_V1(1)/source_output_sha256.txt,750,fc8277b2fb96679b5e6b8b8d90e8ea7369025d6253b0c5b880fc412d232f5eaa,2,PAPER1_V0_OBSERVATIONAL_FREEZE_V1(1).zip!source_output_sha256.txt,AI接手文档（截至9月12）(1).zip!PAPER1_V0_OBSERVATIONAL_FREEZE_V1.zip!source_output_sha256.txt
PAPER1_V0_OBSERVATIONAL_FREEZE_V1(1)/source_v0_summary.json,1076,514eb243871a9144324277305830e6b9bd72a972e7593565d640eb9c9d851af5,2,PAPER1_V0_OBSERVATIONAL_FREEZE_V1(1).zip!source_v0_summary.json,AI接手文档（截至9月12）(1).zip!PAPER1_V0_OBSERVATIONAL_FREEZE_V1.zip!source_v0_summary.json
PAPER_METHOD_COMPATIBILITY_DECISION_V1(1)/PAPER_METHOD_COMPATIBILITY_DECISION_V1.json,1231,066c62dfc57b4222ef9d0eda8e928d7bb48ac020b38b9aabd856974da6fb0ce1,2,PAPER_METHOD_COMPATIBILITY_DECISION_V1(1).zip!PAPER_METHOD_COMPATIBILITY_DECISION_V1.json,AI接手文档（截至9月12）(1).zip!PAPER_METHOD_COMPATIBILITY_DECISION_V1.zip!PAPER_METHOD_COMPATIBILITY_DECISION_V1.json
PAPER_METHOD_COMPATIBILITY_DECISION_V1(1)/PAPER_METHOD_COMPATIBILITY_DECISION_V1.md,5436,8178801c47a932d8d79df173d5df8105f90cf4e1190e8d2df618b8f5b052176d,2,PAPER_METHOD_COMPATIBILITY_DECISION_V1(1).zip!PAPER_METHOD_COMPATIBILITY_DECISION_V1.md,AI接手文档（截至9月12）(1).zip!PAPER_METHOD_COMPATIBILITY_DECISION_V1.zip!PAPER_METHOD_COMPATIBILITY_DECISION_V1.md
PAPER_METHOD_COMPATIBILITY_DECISION_V1(1)/SHA256SUMS.txt,218,7fabc5d1c5343490820a7c495e9d677b41c9fa47eb4583626a14eadda9f560a9,2,PAPER_METHOD_COMPATIBILITY_DECISION_V1(1).zip!SHA256SUMS.txt,AI接手文档（截至9月12）(1).zip!PAPER_METHOD_COMPATIBILITY_DECISION_V1.zip!SHA256SUMS.txt
