path,size,sha256
工程历史与专项/地图新建相关文件(1)/地图新建相关文件/rng_load.geojson,10324848,ec69af3d209fcd33b770f0d36e6fb47a1f2f3f7d0c2dd9ee93e64deaca3a696d
工程历史与专项/地图新建相关文件(1)/地图新建相关文件/junction.geojson,3782455,540ce3c5daf8e0de473037ab2479cc4d4a48f8e17addb2b56fdd4080a88c45b3
工程历史与专项/地图新建相关文件(1)/地图新建相关文件/lane.geojson,33500417,1cccaf5f83c1e478e07a6982bb1360bfa1bd70ebdaa655efff4a09a6ee72058c
工程历史与专项/地图新建相关文件(1)/地图新建相关文件/rgn_boundary.geojson,17791925,2c225050c658000f0201c297a08f3ae5eeedf26ac2fb17775d100c32956d10dd
工程历史与专项/地图新建相关文件(1)/地图新建相关文件/road.geojson,28047646,8d9a32ddeee18c7524c8e7b2eba6373f358d4f962c5abbe14c9733214942eea7
工程历史与专项/地图新建相关文件(1)/地图新建相关文件/rgn_auxiliary.geojson,969029,dcdf0a0c8b78324651522a291c4e608b56f8aa90a648affa5a97dc213f25d0b9
工程历史与专项/地图新建相关文件(1)/地图新建相关文件/road_boundary.geojson,28448262,079901afaf3407401a5b8b52314bb70cd23eae62c0145fe32772c2a581cdfa0c
工程历史与专项/地图新建相关文件(1)/地图新建相关文件/rgn_unload.geojson,2923381,11cdc79fc37c3380523ac47bdbe40e1791b7d67c915e096fcff7bbc33fca3bc1
工程历史与专项/地图新建相关文件(1)/地图新建相关文件/1.png,144062,c0bb2ae0efdd27737d8da7602ae35a345101386f4e21a6b68595714c55cedd6a
工程历史与专项/原项目复现(1)/原项目复现/矿山项目分析.docx,21858,66a7001dea88c48eb144455afdd975b04dd37c8e0f50f959b99ffd7d0d920b26
工程历史与专项/原项目复现(1)/原项目复现/项目地址.txt,56,dd48797e36872f2bba2804951c13782cb2cf166043a1359be0643eaa1e6a9e5f
工程历史与专项/原项目复现(1)/原项目复现/dapai_intersection_1_3_4_IDMPlanner.mp4,558214,02a6932bdfbab00bebb4cecb0d7d570157e6de2eb1773b8d9a0193f9a537ba4e
工程历史与专项/原项目复现(1)/原项目复现/jiangtong_intersection_9_3_2_IDMPlanner.mp4,708451,554888011f27ee649396cb488a9bf7268be0285be7cc02a5af858c7d88f0538d
工程历史与专项/原项目复现(1)/原项目复现/MineSim-Dynamic_论文与项目相关函数详解.docx,95530,37a1346bc25c0a15719c3f1f6c7369818069cd104379cb44ad949e798cc954c2
工程历史与专项/原项目复现(1)/原项目复现/矿山项目原论文.pdf,19716491,135a578c6e1aa1d94093f9e9c3ceb4fcc44bd6ac9b3a4f239c24b8e5303cb093
