root_id,source_run,known_sign,target_gap,block0_gap,block1_gap,linear_prediction,linear_abs_error,constant_prediction,constant_abs_error,mlp_prediction,mlp_abs_error
contrast_00,policy_00,1,61.054964873098236,61.30447680847132,60.80545293772516,-17.0828846874386,78.13784956053684,-7.593856801617731,68.64882167471596,50.63418260291906,10.420782270179174
contrast_01,policy_01,-1,-70.07194049516491,-70.33811595616069,-69.80576503416911,-49.60584180933374,20.46609868583117,1.1479368895998119,71.21987738476471,-50.84577873443278,19.226161760732133
contrast_02,policy_02,,1.4245153217214437,2.0262474057506807,0.8227832376921995,-10.919751400801324,12.344266722522768,-1.2771970744755508,2.7017123961969944,-8.838446822070727,10.262962143792171
contrast_03,policy_03,,-45.099503144721155,-54.65734272102525,-35.54166356841704,6.69950658455396,51.79900972927511,2.1923915625294486,47.291894707250606,-4.390366597143824,40.70913654757733
contrast_04,policy_04,1,35.98326588192243,10.716162238281015,61.25036952556385,-23.876865180790986,59.860131062713414,-5.92241020220601,41.90567608412844,-63.4157322218725,99.39899810379492
contrast_05,policy_05,1,49.00275126525988,40.77232138864798,57.23318114187177,-79.70950818082616,128.71225944608605,-6.790375894428507,55.79312715968839,56.08844366453199,7.085692399272105
contrast_06,policy_06,,-31.03158152738138,-37.288373354980656,-24.774789699782108,9.823074109834007,40.85465563721539,-1.9111640652919344,29.120417462089446,-8.323621526498071,22.70796000088331
contrast_07,policy_07,,18.63411789540224,34.8782538034438,2.389981987360695,-14.053602512016411,32.68772040741865,-5.357078109561007,23.99119600496325,-2.5847963730586176,21.218914268460857
newroot_00,policy_02,,-39.69864669946578,-56.74103018286072,-22.656263216070855,94.64239698007309,134.34104367953887,-1.2771970744755508,38.42144962499023,-33.27637779623068,6.4222689032351
newroot_01,policy_02,,2.024806194758767,0.8723505715401885,3.177261817977353,-24.079892171277105,26.104698366035873,-1.2771970744755508,3.302003269234318,3.2844026398982704,1.2595964451395032
newroot_02,policy_03,-1,-37.74488024101463,-53.772996851293776,-21.716763630735485,42.629521652449995,80.37440189346462,2.1923915625294486,39.93727180354408,37.67407467757415,75.41895491858878
newroot_03,policy_03,,1.4904059216852161,2.251494228150378,0.7293176152200402,21.73054106502905,20.240135143343835,2.1923915625294486,0.7019856408442324,26.090837152604795,24.60043123091958
newroot_04,policy_06,,1.946141720825345,1.783231385912309,2.109052055738381,-0.15484761076567377,2.100989331591019,-1.9111640652919344,3.8573057861172795,13.52311590828403,11.576974187458685
newroot_05,policy_06,1,1.0776855041834494,1.236798041651646,0.9185729667152529,14.474747927219145,13.397062423035695,-1.9111640652919344,2.988849569475384,-3.1367700311603186,4.2144555353437685
newroot_06,policy_07,,-1.2716853233049648,-1.2662221459122378,-1.2771485006976917,132.49601315197975,133.7676984752847,-5.357078109561007,4.085392786256042,155.0504710685984,156.32215639190338
newroot_07,policy_07,,-0.5733042989719195,-0.34314564158269434,-0.8034629563611375,150.44485523190053,151.01815953087245,-5.357078109561007,4.7837738105890875,204.97778776925952,205.55109206823144
