source_id,role,file_name,container_path,exists_in_current_container,autodl_live_status,bytes,sha256,packaged_relative_path,packaged_copy_sha_verified
S01,工作流原文,粘贴的 markdown (1)。md(20260910-105138),/mnt/data/粘贴的 markdown (1)。md(20260910-105138),True,NOT_CHECKED_THIS_HANDOFF,24882,0d16a325ff3a79eb81e9c2b65e2a98e7b70002b2b301de36c590c17c896dc64f,supporting_reports/S01_用户原始工作流_Skill.md,True
E01,2026-08-13历史README,RADEME(4).txt,/mnt/data/RADEME(4).txt,True,NOT_CHECKED_THIS_HANDOFF,41285,6ffd910cbbe9fb6b56af4b37153b96120dd3ea0dbd74d141732e601fc7935ac8,supporting_reports/E01_RADEME(4).txt,True
E02,C03 / Value V2历史摘要,MineSim_handoff_summary_V1(4).docx,/mnt/data/MineSim_handoff_summary_V1(4).docx,True,NOT_CHECKED_THIS_HANDOFF,38468,24d5392af05f332e182413e589ee50d8226d9b71333325285d6b275740724ba3,historical_sources/E02_MineSim_handoff_summary_V1(4).docx,True
E03,2026-08-31最终K13正式交接,MineSim_Dynamic_正式交接文档_20260831.docx,/mnt/data/minesim_handoff_work/history_sources/MineSim_Dynamic_正式交接文档_20260831.docx,True,NOT_CHECKED_THIS_HANDOFF,722666,3e6d2b6ef29a9d2d8758b9fe2ee8ba0ed94e9fe84268c198171264217237bbb1,historical_sources/E03_MineSim_Dynamic_正式交接文档_20260831.docx,True
E04,K13静态评审历史交接,MineSim_ValueV3_ConfidenceGated_TopKPruning_项目交接文档_K13运行价值评审完成版_V1.docx,/mnt/data/minesim_handoff_work/history_sources/MineSim_ValueV3_ConfidenceGated_TopKPruning_项目交接文档_K13运行价值评审完成版_V1.docx,True,NOT_CHECKED_THIS_HANDOFF,55253,e2e4bc5d7be1969f01925b26012b8c3e2e79bf2d164634eba886fc15d5d89926,historical_sources/E04_MineSim_ValueV3_ConfidenceGated_TopKPruning_项目交接文档_K13运行价值评审完成版_V1.docx,True
E05,Value V3原排序目标与源码历史记录,粘贴的文本 (1)(20260824-074313).txt,/mnt/data/minesim_handoff_work/history_sources/粘贴的文本 (1)(20260824-074313).txt,True,NOT_CHECKED_THIS_HANDOFF,922098,11fcf7728649fc9fd42d2eeb64c0b7f4e448c140fdb55c2c6857ff7ac2b68521,historical_sources/E05_粘贴的文本 (1)(20260824-074313).txt,True
E06,早期数据审计与多状态实验可访问历史记录,粘贴的文本 (1)(20260908-031818).txt,/mnt/data/minesim_handoff_work/history_sources/粘贴的文本 (1)(20260908-031818).txt,True,NOT_CHECKED_THIS_HANDOFF,109328,1ef7459887cce3c5124b53541bffdbe6bf47f5a483c95c4361d6c2a259003c53,historical_sources/E06_粘贴的文本 (1)(20260908-031818).txt,True
E07,绑定证据与错误原始记录识别,MineSim_绑定证据复核与原始记录重绑定说明_20260908.txt,/mnt/data/MineSim_绑定证据复核与原始记录重绑定说明_20260908.txt,True,NOT_CHECKED_THIS_HANDOFF,9451,775a5a6eafe1723625dffe97634c7562a840cedf1c8e53ede7c31d59e783dae0,supporting_reports/E07_MineSim_绑定证据复核与原始记录重绑定说明_20260908.txt,True
E08,36-root原始记录重绑定,MineSim_原始记录重绑定复核与冻结包漏检说明_20260908.txt,/mnt/data/MineSim_原始记录重绑定复核与冻结包漏检说明_20260908.txt,True,NOT_CHECKED_THIS_HANDOFF,7643,921f98d6143c85a4d401fbc17d91cd8683bc7f79aacd8996c475f0264028b1ef,supporting_reports/E08_MineSim_原始记录重绑定复核与冻结包漏检说明_20260908.txt,True
E09,冻结来源补齐与运行依赖,MineSim_三项冻结来源补齐复核与运行依赖快照说明_20260908.txt,/mnt/data/MineSim_三项冻结来源补齐复核与运行依赖快照说明_20260908.txt,True,NOT_CHECKED_THIS_HANDOFF,8553,95e4ff9ecf2f16eb48f2f8327047984a0d86807568113eeaabbb9df091cea610,supporting_reports/E09_MineSim_三项冻结来源补齐复核与运行依赖快照说明_20260908.txt,True
E10,36-root技术验收,MineSim_36root技术验收与576次Pilot执行说明_20260908.txt,/mnt/data/MineSim_36root技术验收与576次Pilot执行说明_20260908.txt,True,NOT_CHECKED_THIS_HANDOFF,7448,cc438989ca7f86aa604d514226e3da40f550d9f6e7fdcfefae1dae586614f68d,supporting_reports/E10_MineSim_36root技术验收与576次Pilot执行说明_20260908.txt,True
E11,36-root Pilot 576次复核,MineSim_576次Pilot复核与独立种子复验说明_20260908.txt,/mnt/data/MineSim_576次Pilot复核与独立种子复验说明_20260908.txt,True,NOT_CHECKED_THIS_HANDOFF,8777,9cf0b7ef8ecc9dc4316cc2efe3716ae53b148e5defe8094d6efcea968aea3f14,supporting_reports/E11_MineSim_576次Pilot复核与独立种子复验说明_20260908.txt,True
E12,独立种子确认与masked训练协议,MineSim_独立种子确认复核与训练诊断说明_20260908.txt,/mnt/data/MineSim_独立种子确认复核与训练诊断说明_20260908.txt,True,NOT_CHECKED_THIS_HANDOFF,9919,7679b0b4690ac9b9775e17418b88c37468c1ba8de517f533e7cdbee55822e8bd,supporting_reports/E12_MineSim_独立种子确认复核与训练诊断说明_20260908.txt,True
E13,12组训练复核,MineSim_12组训练诊断复核与C11跨episode下一步_20260909.txt,/mnt/data/MineSim_12组训练诊断复核与C11跨episode下一步_20260909.txt,True,NOT_CHECKED_THIS_HANDOFF,9761,59409c99a59c7c6fe0f21a3a130c34eb880f1b1d1b4cf3d2bc5c892ecb555d98,supporting_reports/E13_MineSim_12组训练诊断复核与C11跨episode下一步_20260909.txt,True
E14,C11跨episode训练与动作审查,MineSim_C11跨episode复核与动作证据审查_20260909.txt,/mnt/data/MineSim_C11跨episode复核与动作证据审查_20260909.txt,True,NOT_CHECKED_THIS_HANDOFF,8690,3829405698340d683c8bcb31902f1db0582f75bfc85f0d94cf9c1e4bb23c2c6a,supporting_reports/E14_MineSim_C11跨episode复核与动作证据审查_20260909.txt,True
E15,24个覆盖状态选择协议,MineSim_新状态覆盖与动作决策_论文公式协议_V1_20260909.txt,/mnt/data/MineSim_新状态覆盖与动作决策_论文公式协议_V1_20260909.txt,True,NOT_CHECKED_THIS_HANDOFF,15649,54ec65f8cadbb06f854f7611821856b8383082486d6b5b68173b037c2f3613e0,supporting_reports/E15_MineSim_新状态覆盖与动作决策_论文公式协议_V1_20260909.txt,True
E16,新24状态教师评价与覆盖对照协议,MineSim_new24_review_paired_coverage_protocol_20260909.txt,/mnt/data/MineSim_new24_review_paired_coverage_protocol_20260909.txt,True,NOT_CHECKED_THIS_HANDOFF,15566,c38a66364f7d5a1ff1d51d617a7439e9a2ee9f4b7af63bd624f9c4a13473a751,supporting_reports/E16_MineSim_new24_review_paired_coverage_protocol_20260909.txt,True
E17,覆盖增补36组配对训练复核,MineSim_覆盖增补复核与来源拆分_论文公式协议_20260909.txt,/mnt/data/MineSim_覆盖增补复核与来源拆分_论文公式协议_20260909.txt,True,NOT_CHECKED_THIS_HANDOFF,11391,ff231f387dcb1bea028d6c9d6a819b24dffbe37c288224444ffcaef40933d8b2,supporting_reports/E17_MineSim_覆盖增补复核与来源拆分_论文公式协议_20260909.txt,True
E18,来源拆分与H时域诊断,MineSim_来源拆分复核与C06时域诊断_论文公式协议_20260909.txt,/mnt/data/MineSim_来源拆分复核与C06时域诊断_论文公式协议_20260909.txt,True,NOT_CHECKED_THIS_HANDOFF,11135,d75e945932b9fa37fdf120ebcc430d47880cd77ce8ac27e4a4522726d243407a,supporting_reports/E18_MineSim_来源拆分复核与C06时域诊断_论文公式协议_20260909.txt,True
E19,H8/H12/H16同轨迹分解,MineSim_C06时域复核与同轨迹回报分解_20260909.txt,/mnt/data/MineSim_C06时域复核与同轨迹回报分解_20260909.txt,True,NOT_CHECKED_THIS_HANDOFF,16614,4eadc1ba6d3385aa3dde892b86f189a99772165edbcbe1ff0f83609a7c4fed5f,supporting_reports/E19_MineSim_C06时域复核与同轨迹回报分解_20260909.txt,True
E19b,同轨迹H12补充口径,MineSim_C06时域结果与同轨迹回报拆分_论文公式复核_20260909.txt,/mnt/data/MineSim_C06时域结果与同轨迹回报拆分_论文公式复核_20260909.txt,True,NOT_CHECKED_THIS_HANDOFF,14812,715433dc30a7a2f4335c641a157c44827ce0e62463f4f272c6d09ec86939cca8,supporting_reports/E19b_MineSim_C06时域结果与同轨迹回报拆分_论文公式复核_20260909.txt,True
E20,叶节点续算契约,MineSim_叶节点续算契约与技术验证_论文公式协议_20260909.txt,/mnt/data/MineSim_叶节点续算契约与技术验证_论文公式协议_20260909.txt,True,NOT_CHECKED_THIS_HANDOFF,12329,6f002f41988eae581e84cfd3a51ccea0755f4b373a6a9d7830f072639b2eb012,supporting_reports/E20_MineSim_叶节点续算契约与技术验证_论文公式协议_20260909.txt,True
E21,叶节点续算验收,MineSim_叶节点续算验收与续接策略对照_论文公式协议_20260909.txt,/mnt/data/MineSim_叶节点续算验收与续接策略对照_论文公式协议_20260909.txt,True,NOT_CHECKED_THIS_HANDOFF,9394,72c9b18e9ba69c55d3bf0f89ab1fdfbb6e8acb514c72b93b67899cac5a5b60bf,supporting_reports/E21_MineSim_叶节点续算验收与续接策略对照_论文公式协议_20260909.txt,True
E22,8秒续接策略对照,MineSim_续接策略复核与终止续行_论文公式协议_20260909.txt,/mnt/data/MineSim_续接策略复核与终止续行_论文公式协议_20260909.txt,True,NOT_CHECKED_THIS_HANDOFF,12957,f2e0ff6b422b6859cb9dd882224ad1d8a882e0a5401527c95f225363fc83dfa0,supporting_reports/E22_MineSim_续接策略复核与终止续行_论文公式协议_20260909.txt,True
E23,64秒续行与原始根动作评价,MineSim_续行终止复核与根动作策略回报_论文公式协议_V1.txt,/mnt/data/MineSim_续行终止复核与根动作策略回报_论文公式协议_V1.txt,True,NOT_CHECKED_THIS_HANDOFF,14592,cf11d0d91adbb07455616a69c89a988445d9f772829597c3eff7285ea8168cc6,supporting_reports/E23_MineSim_续行终止复核与根动作策略回报_论文公式协议_V1.txt,True
E24,原始根动作128条策略评价,MineSim_根动作策略回报复核与独立复验_论文公式协议_20260910.txt,/mnt/data/MineSim_根动作策略回报复核与独立复验_论文公式协议_20260910.txt,True,NOT_CHECKED_THIS_HANDOFF,11125,a46fcd6898e4e1334b9142002ded88a5b8fd6fc0830bd1422770578660871279,supporting_reports/E24_MineSim_根动作策略回报复核与独立复验_论文公式协议_20260910.txt,True
E25,独立256条策略回报复验,MineSim_独立复验结果与决策精度审查_20260910.txt,/mnt/data/MineSim_独立复验结果与决策精度审查_20260910.txt,True,NOT_CHECKED_THIS_HANDOFF,13129,ba7147fa855d0af25153ad834cd358013adec533373c07bdf28adfdf190a085c,supporting_reports/E25_MineSim_独立复验结果与决策精度审查_20260910.txt,True
E26,决策精度与停止规则,MineSim_决策精度与停止规则_论文公式及离线验证_20260910.txt,/mnt/data/MineSim_决策精度与停止规则_论文公式及离线验证_20260910.txt,True,NOT_CHECKED_THIS_HANDOFF,14128,edb179c1e0d157b7da4d75f56b5dbe7c4183ab575b02d48a46b0041707170ca3,supporting_reports/E26_MineSim_决策精度与停止规则_论文公式及离线验证_20260910.txt,True
E27,任务指标与奖励分解,MineSim_任务指标与奖励映射审查_论文公式及复核_20260910.txt,/mnt/data/MineSim_任务指标与奖励映射审查_论文公式及复核_20260910.txt,True,NOT_CHECKED_THIS_HANDOFF,11916,1dac8f162bc284a9936d81544be331439b3b46406ff5441015bc4d1d60a6487f,supporting_reports/E27_MineSim_任务指标与奖励映射审查_论文公式及复核_20260910.txt,True
E28,秒制成本与安全约束接口,MineSim_秒制目标与安全约束决策接口_论文公式及离线验证_20260910.txt,/mnt/data/MineSim_秒制目标与安全约束决策接口_论文公式及离线验证_20260910.txt,True,NOT_CHECKED_THIS_HANDOFF,13805,b2b411b4b0555171b91633bf674d014a427b3d1046b92915230a2a6bce3b3b09,supporting_reports/E28_MineSim_秒制目标与安全约束决策接口_论文公式及离线验证_20260910.txt,True
E29,此前论文具体标准核查,MineSim_paper_standards_verified_20260910.txt,/mnt/data/MineSim_paper_standards_verified_20260910.txt,True,NOT_CHECKED_THIS_HANDOFF,9907,88caf281170dc5740c714e0d94d880a5616d6af940ccd99a07fdb9bd5980c91c,supporting_reports/E29_MineSim_paper_standards_verified_20260910.txt,True
E30,当前使用引擎的上传运行副本,a1ee7a8d-572e-4d3c-bfa0-3412165ff430.zip,/mnt/data/a1ee7a8d-572e-4d3c-bfa0-3412165ff430.zip,True,NOT_CHECKED_THIS_HANDOFF,2061903,a5a03e550e5a3b122bb9c69f1a77cc99ef6de951731a1b76df513f6f3a73b63a,,False
E31,旧4seed根动作原始结果,d842afc2-1810-4ff6-a602-ed199584ba65.zip,/mnt/data/d842afc2-1810-4ff6-a602-ed199584ba65.zip,True,NOT_CHECKED_THIS_HANDOFF,12987330,d30d03310f63baf1be19bb937194708acae4bb304d92eefbebce979bce19950b,,False
E32,新8seed根动作原始结果,e7cea5c5-af11-4514-aa00-f0f4c1d5004a.zip,/mnt/data/e7cea5c5-af11-4514-aa00-f0f4c1d5004a.zip,True,NOT_CHECKED_THIS_HANDOFF,20292327,4cfb1c6a5052c73bd6ebbe72112a63fc9d008e8dc90e0a7ea6e08025dcdd1df9,,False
